sensor_id,timestamp,location,temperature,humidity
b8:27:eb:bf:9d:51,2020-07-12 00:01:34.385974646,IoT-Lab,22.7,51.0
00:0f:00:70:91:0a,2020-07-12 00:01:34.735567570,IoT-Lab,19.700000762939453,76.0
b8:27:eb:bf:9d:51,2020-07-12 00:01:38.073572874,IoT-Lab,22.6,50.9
1c:bf:ce:15:ec:4d,2020-07-12 00:01:39.589145899,IoT-Lab,27.0,76.80000305175781
b8:27:eb:bf:9d:51,2020-07-12 00:01:41.761234999,IoT-Lab,22.6,50.9
1c:bf:ce:15:ec:4d,2020-07-12 00:01:44.468410730,IoT-Lab,27.0,77.9000015258789
b8:27:eb:bf:9d:51,2020-07-12 00:01:45.448863506,IoT-Lab,22.6,50.9
00:0f:00:70:91:0a,2020-07-12 00:01:46.869076014,IoT-Lab,19.700000762939453,76.0
1c:bf:ce:15:ec:4d,2020-07-12 00:01:48.275381565,IoT-Lab,27.0,77.9000015258789
b8:27:eb:bf:9d:51,2020-07-12 00:01:49.136686802,IoT-Lab,22.6,50.9
b8:27:eb:bf:9d:51,2020-07-12 00:01:52.798517942,IoT-Lab,22.6,50.9
1c:bf:ce:15:ec:4d,2020-07-12 00:01:55.288542509,IoT-Lab,27.0,78.0
b8:27:eb:bf:9d:51,2020-07-12 00:01:56.498260498,IoT-Lab,22.6,50.9
1c:bf:ce:15:ec:4d,2020-07-12 00:01:59.098013639,IoT-Lab,27.0,78.0
b8:27:eb:bf:9d:51,2020-07-12 00:02:00.184931040,IoT-Lab,22.6,50.9
00:0f:00:70:91:0a,2020-07-12 00:02:02.785731792,IoT-Lab,19.700000762939453,75.80000305175781
b8:27:eb:bf:9d:51,2020-07-12 00:02:03.872619629,IoT-Lab,22.6,50.9
b8:27:eb:bf:9d:51,2020-07-12 00:02:07.560188293,IoT-Lab,22.6,50.9
1c:bf:ce:15:ec:4d,2020-07-12 00:02:09.374152899,IoT-Lab,27.0,77.9000015258789
b8:27:eb:bf:9d:51,2020-07-12 00:02:11.247800827,IoT-Lab,22.6,50.9
00:0f:00:70:91:0a,2020-07-12 00:02:11.476376295,IoT-Lab,19.700000762939453,75.80000305175781
1c:bf:ce:15:ec:4d,2020-07-12 00:02:13.717256069,IoT-Lab,27.0,77.9000015258789
b8:27:eb:bf:9d:51,2020-07-12 00:02:14.935363054,IoT-Lab,22.6,50.8
00:0f:00:70:91:0a,2020-07-12 00:02:15.289086342,IoT-Lab,19.700000762939453,76.0
b8:27:eb:bf:9d:51,2020-07-12 00:02:18.622982740,IoT-Lab,22.6,50.9
00:0f:00:70:91:0a,2020-07-12 00:02:19.641452551,IoT-Lab,19.799999237060547,76.0
1c:bf:ce:15:ec:4d,2020-07-12 00:02:19.665980577,IoT-Lab,27.0,77.9000015258789
b8:27:eb:bf:9d:51,2020-07-12 00:02:22.310558796,IoT-Lab,22.6,50.9
1c:bf:ce:15:ec:4d,2020-07-12 00:02:25.082584381,IoT-Lab,27.0,78.30000305175781
b8:27:eb:bf:9d:51,2020-07-12 00:02:25.998168230,IoT-Lab,22.6,50.9
00:0f:00:70:91:0a,2020-07-12 00:02:28.818682909,IoT-Lab,19.700000762939453,75.9000015258789
b8:27:eb:bf:9d:51,2020-07-12 00:02:29.685809612,IoT-Lab,22.6,50.9
1c:bf:ce:15:ec:4d,2020-07-12 00:02:32.100854635,IoT-Lab,27.0,78.5999984741211
00:0f:00:70:91:0a,2020-07-12 00:02:33.172725677,IoT-Lab,19.799999237060547,76.0
b8:27:eb:bf:9d:51,2020-07-12 00:02:33.373032093,IoT-Lab,22.6,50.9
b8:27:eb:bf:9d:51,2020-07-12 00:02:37.059236765,IoT-Lab,22.7,50.9
1c:bf:ce:15:ec:4d,2020-07-12 00:02:38.578041553,IoT-Lab,27.0,78.30000305175781
00:0f:00:70:91:0a,2020-07-12 00:02:39.145456791,IoT-Lab,19.799999237060547,76.0
b8:27:eb:bf:9d:51,2020-07-12 00:02:40.992485285,IoT-Lab,22.7,50.9
1c:bf:ce:15:ec:4d,2020-07-12 00:02:42.920568705,IoT-Lab,27.0,78.19999694824219
b8:27:eb:bf:9d:51,2020-07-12 00:02:44.677839041,IoT-Lab,22.6,50.9
00:0f:00:70:91:0a,2020-07-12 00:02:47.256422757,IoT-Lab,19.700000762939453,75.9000015258789
1c:bf:ce:15:ec:4d,2020-07-12 00:02:47.261467934,IoT-Lab,27.0,78.19999694824219
b8:27:eb:bf:9d:51,2020-07-12 00:02:48.364020109,IoT-Lab,22.6,50.9
b8:27:eb:bf:9d:51,2020-07-12 00:02:52.050105572,IoT-Lab,22.6,50.9
1c:bf:ce:15:ec:4d,2020-07-12 00:02:53.217485428,IoT-Lab,27.0,78.4000015258789
00:0f:00:70:91:0a,2020-07-12 00:02:55.371452570,IoT-Lab,19.799999237060547,76.0
b8:27:eb:bf:9d:51,2020-07-12 00:02:55.736314058,IoT-Lab,22.6,50.9
1c:bf:ce:15:ec:4d,2020-07-12 00:02:58.632018328,IoT-Lab,27.0,78.69999694824219
b8:27:eb:bf:9d:51,2020-07-12 00:02:59.422309160,IoT-Lab,22.6,50.9
00:0f:00:70:91:0a,2020-07-12 00:03:00.794463634,IoT-Lab,19.700000762939453,75.9000015258789
b8:27:eb:bf:9d:51,2020-07-12 00:03:03.108313084,IoT-Lab,22.6,50.9
1c:bf:ce:15:ec:4d,2020-07-12 00:03:04.582823277,IoT-Lab,27.0,78.5999984741211
00:0f:00:70:91:0a,2020-07-12 00:03:04.619436026,IoT-Lab,19.799999237060547,76.19999694824219
b8:27:eb:bf:9d:51,2020-07-12 00:03:06.794604301,IoT-Lab,22.6,50.9
1c:bf:ce:15:ec:4d,2020-07-12 00:03:09.479555368,IoT-Lab,27.0,78.5
b8:27:eb:bf:9d:51,2020-07-12 00:03:10.476639509,IoT-Lab,22.6,50.9
00:0f:00:70:91:0a,2020-07-12 00:03:13.292493582,IoT-Lab,19.799999237060547,76.0999984741211
b8:27:eb:bf:9d:51,2020-07-12 00:03:14.155349493,IoT-Lab,22.6,50.9
1c:bf:ce:15:ec:4d,2020-07-12 00:03:14.354940176,IoT-Lab,27.0,78.4000015258789
b8:27:eb:bf:9d:51,2020-07-12 00:03:17.841233015,IoT-Lab,22.6,50.9
1c:bf:ce:15:ec:4d,2020-07-12 00:03:18.697216988,IoT-Lab,27.0,78.4000015258789
00:0f:00:70:91:0a,2020-07-12 00:03:20.328960896,IoT-Lab,19.799999237060547,76.0
b8:27:eb:bf:9d:51,2020-07-12 00:03:21.527213811,IoT-Lab,22.7,51.0
b8:27:eb:bf:9d:51,2020-07-12 00:03:25.213351488,IoT-Lab,22.7,51.0
00:0f:00:70:91:0a,2020-07-12 00:03:25.755214453,IoT-Lab,19.700000762939453,76.0
1c:bf:ce:15:ec:4d,2020-07-12 00:03:26.248965502,IoT-Lab,27.0,79.0999984741211
b8:27:eb:bf:9d:51,2020-07-12 00:03:28.897498608,IoT-Lab,22.7,51.0
1c:bf:ce:15:ec:4d,2020-07-12 00:03:31.126687765,IoT-Lab,27.0,78.19999694824219
00:0f:00:70:91:0a,2020-07-12 00:03:31.184731007,IoT-Lab,19.799999237060547,76.0
b8:27:eb:bf:9d:51,2020-07-12 00:03:32.583796740,IoT-Lab,22.7,50.9
00:0f:00:70:91:0a,2020-07-12 00:03:36.075444221,IoT-Lab,19.799999237060547,76.19999694824219
b8:27:eb:bf:9d:51,2020-07-12 00:03:36.270018816,IoT-Lab,22.6,50.9
1c:bf:ce:15:ec:4d,2020-07-12 00:03:36.535098313,IoT-Lab,27.0,78.30000305175781
b8:27:eb:bf:9d:51,2020-07-12 00:03:39.956258297,IoT-Lab,22.6,50.9
1c:bf:ce:15:ec:4d,2020-07-12 00:03:40.345025778,IoT-Lab,27.0,78.19999694824219
00:0f:00:70:91:0a,2020-07-12 00:03:42.577785492,IoT-Lab,19.700000762939453,76.0
b8:27:eb:bf:9d:51,2020-07-12 00:03:43.642512560,IoT-Lab,22.6,50.8
1c:bf:ce:15:ec:4d,2020-07-12 00:03:46.297241211,IoT-Lab,27.0,78.19999694824219
00:0f:00:70:91:0a,2020-07-12 00:03:46.938186407,IoT-Lab,19.799999237060547,76.19999694824219
b8:27:eb:bf:9d:51,2020-07-12 00:03:47.328582048,IoT-Lab,22.6,50.8
b8:27:eb:bf:9d:51,2020-07-12 00:03:51.262443781,IoT-Lab,22.6,50.8
00:0f:00:70:91:0a,2020-07-12 00:03:52.900458336,IoT-Lab,19.700000762939453,76.0
1c:bf:ce:15:ec:4d,2020-07-12 00:03:53.847906113,IoT-Lab,27.0,78.19999694824219
b8:27:eb:bf:9d:51,2020-07-12 00:03:54.942492247,IoT-Lab,22.6,50.9
b8:27:eb:bf:9d:51,2020-07-12 00:03:58.629165649,IoT-Lab,22.6,50.9
00:0f:00:70:91:0a,2020-07-12 00:03:58.862392426,IoT-Lab,19.799999237060547,76.0999984741211
1c:bf:ce:15:ec:4d,2020-07-12 00:04:00.327303886,IoT-Lab,27.0,78.19999694824219
b8:27:eb:bf:9d:51,2020-07-12 00:04:02.569641590,IoT-Lab,22.6,50.9
00:0f:00:70:91:0a,2020-07-12 00:04:03.747566700,IoT-Lab,19.799999237060547,76.0
b8:27:eb:bf:9d:51,2020-07-12 00:04:06.255759001,IoT-Lab,22.7,51.0
1c:bf:ce:15:ec:4d,2020-07-12 00:04:06.818837643,IoT-Lab,27.0,78.19999694824219
00:0f:00:70:91:0a,2020-07-12 00:04:07.559613228,IoT-Lab,19.799999237060547,76.0
b8:27:eb:bf:9d:51,2020-07-12 00:04:09.941809893,IoT-Lab,22.7,51.0
00:0f:00:70:91:0a,2020-07-12 00:04:13.014632225,IoT-Lab,19.700000762939453,76.0
b8:27:eb:bf:9d:51,2020-07-12 00:04:13.627847910,IoT-Lab,22.7,51.0
1c:bf:ce:15:ec:4d,2020-07-12 00:04:13.838975191,IoT-Lab,27.0,78.0
b8:27:eb:bf:9d:51,2020-07-12 00:04:17.313728094,IoT-Lab,22.6,51.0
00:0f:00:70:91:0a,2020-07-12 00:04:17.917654991,IoT-Lab,19.799999237060547,76.0999984741211
1c:bf:ce:15:ec:4d,2020-07-12 00:04:18.716241598,IoT-Lab,27.0,78.0
b8:27:eb:bf:9d:51,2020-07-12 00:04:20.997189045,IoT-Lab,22.6,51.0
00:0f:00:70:91:0a,2020-07-12 00:04:23.880460978,IoT-Lab,19.700000762939453,76.0999984741211
b8:27:eb:bf:9d:51,2020-07-12 00:04:24.683066845,IoT-Lab,22.7,51.0
b8:27:eb:bf:9d:51,2020-07-12 00:04:28.368924856,IoT-Lab,22.6,51.0
1c:bf:ce:15:ec:4d,2020-07-12 00:04:28.941262960,IoT-Lab,27.0,78.0
00:0f:00:70:91:0a,2020-07-12 00:04:29.307065487,IoT-Lab,19.700000762939453,76.0999984741211
b8:27:eb:bf:9d:51,2020-07-12 00:04:32.055170774,IoT-Lab,22.7,51.0
00:0f:00:70:91:0a,2020-07-12 00:04:33.119510889,IoT-Lab,19.700000762939453,76.0999984741211
1c:bf:ce:15:ec:4d,2020-07-12 00:04:34.350183964,IoT-Lab,27.0,78.0
b8:27:eb:bf:9d:51,2020-07-12 00:04:35.740220785,IoT-Lab,22.7,51.0
00:0f:00:70:91:0a,2020-07-12 00:04:37.470786572,IoT-Lab,19.799999237060547,76.0999984741211
1c:bf:ce:15:ec:4d,2020-07-12 00:04:39.226336002,IoT-Lab,27.0,77.9000015258789
b8:27:eb:bf:9d:51,2020-07-12 00:04:39.424638510,IoT-Lab,22.6,51.0
00:0f:00:70:91:0a,2020-07-12 00:04:42.896851063,IoT-Lab,19.700000762939453,76.0999984741211
b8:27:eb:bf:9d:51,2020-07-12 00:04:43.110812902,IoT-Lab,22.6,51.0
1c:bf:ce:15:ec:4d,2020-07-12 00:04:44.104482174,IoT-Lab,27.0,77.9000015258789
b8:27:eb:bf:9d:51,2020-07-12 00:04:46.797751904,IoT-Lab,22.7,51.0
00:0f:00:70:91:0a,2020-07-12 00:04:49.937999487,IoT-Lab,19.799999237060547,76.0999984741211
b8:27:eb:bf:9d:51,2020-07-12 00:04:50.481523991,IoT-Lab,22.7,51.0
1c:bf:ce:15:ec:4d,2020-07-12 00:04:51.120198011,IoT-Lab,27.0,78.0
b8:27:eb:bf:9d:51,2020-07-12 00:04:54.165272474,IoT-Lab,22.7,51.0
00:0f:00:70:91:0a,2020-07-12 00:04:54.292488098,IoT-Lab,19.799999237060547,76.19999694824219
1c:bf:ce:15:ec:4d,2020-07-12 00:04:57.067556620,IoT-Lab,27.0,77.9000015258789
b8:27:eb:bf:9d:51,2020-07-12 00:04:57.849639893,IoT-Lab,22.6,51.0
00:0f:00:70:91:0a,2020-07-12 00:04:58.645955801,IoT-Lab,19.700000762939453,76.19999694824219
b8:27:eb:bf:9d:51,2020-07-12 00:05:01.534507036,IoT-Lab,22.6,51.0
00:0f:00:70:91:0a,2020-07-12 00:05:02.996952295,IoT-Lab,19.799999237060547,76.19999694824219
b8:27:eb:bf:9d:51,2020-07-12 00:05:05.220805883,IoT-Lab,22.7,51.0
b8:27:eb:bf:9d:51,2020-07-12 00:05:08.907170296,IoT-Lab,22.6,51.0
1c:bf:ce:15:ec:4d,2020-07-12 00:05:09.749946117,IoT-Lab,27.0,77.9000015258789
00:0f:00:70:91:0a,2020-07-12 00:05:10.060100555,IoT-Lab,19.799999237060547,76.9000015258789
b8:27:eb:bf:9d:51,2020-07-12 00:05:12.592360973,IoT-Lab,22.6,50.9
00:0f:00:70:91:0a,2020-07-12 00:05:14.952872515,IoT-Lab,19.799999237060547,76.19999694824219
b8:27:eb:bf:9d:51,2020-07-12 00:05:16.277726889,IoT-Lab,22.6,50.9
00:0f:00:70:91:0a,2020-07-12 00:05:19.303195000,IoT-Lab,19.700000762939453,76.19999694824219
b8:27:eb:bf:9d:51,2020-07-12 00:05:19.963064909,IoT-Lab,22.7,51.0
1c:bf:ce:15:ec:4d,2020-07-12 00:05:22.380104303,IoT-Lab,27.0,77.80000305175781
b8:27:eb:bf:9d:51,2020-07-12 00:05:23.646743774,IoT-Lab,22.7,51.0
00:0f:00:70:91:0a,2020-07-12 00:05:24.731560230,IoT-Lab,19.700000762939453,76.19999694824219
b8:27:eb:bf:9d:51,2020-07-12 00:05:27.330708027,IoT-Lab,22.7,51.0
1c:bf:ce:15:ec:4d,2020-07-12 00:05:30.991538286,IoT-Lab,27.0,77.80000305175781
b8:27:eb:bf:9d:51,2020-07-12 00:05:31.015669823,IoT-Lab,22.7,51.0
b8:27:eb:bf:9d:51,2020-07-12 00:05:34.697335482,IoT-Lab,22.7,51.0
00:0f:00:70:91:0a,2020-07-12 00:05:35.002054691,IoT-Lab,19.700000762939453,76.4000015258789
1c:bf:ce:15:ec:4d,2020-07-12 00:05:35.863702774,IoT-Lab,27.0,77.80000305175781
b8:27:eb:bf:9d:51,2020-07-12 00:05:38.383634329,IoT-Lab,22.7,51.0
00:0f:00:70:91:0a,2020-07-12 00:05:38.816522837,IoT-Lab,19.700000762939453,76.30000305175781
1c:bf:ce:15:ec:4d,2020-07-12 00:05:40.742104292,IoT-Lab,27.0,77.80000305175781
b8:27:eb:bf:9d:51,2020-07-12 00:05:42.065531254,IoT-Lab,22.7,51.0
b8:27:eb:bf:9d:51,2020-07-12 00:05:45.749947309,IoT-Lab,22.7,51.0
1c:bf:ce:15:ec:4d,2020-07-12 00:05:48.830036402,IoT-Lab,27.0,78.9000015258789
b8:27:eb:bf:9d:51,2020-07-12 00:05:49.667033672,IoT-Lab,22.7,51.0
00:0f:00:70:91:0a,2020-07-12 00:05:50.158603907,IoT-Lab,19.700000762939453,76.0999984741211
b8:27:eb:bf:9d:51,2020-07-12 00:05:53.351805210,IoT-Lab,22.7,51.0
1c:bf:ce:15:ec:4d,2020-07-12 00:05:55.316128731,IoT-Lab,27.0,77.9000015258789
00:0f:00:70:91:0a,2020-07-12 00:05:56.135651112,IoT-Lab,19.799999237060547,76.0999984741211
b8:27:eb:bf:9d:51,2020-07-12 00:05:57.038556099,IoT-Lab,22.7,51.0
1c:bf:ce:15:ec:4d,2020-07-12 00:05:59.123070002,IoT-Lab,27.0,77.9000015258789
00:0f:00:70:91:0a,2020-07-12 00:06:00.497855425,IoT-Lab,19.700000762939453,76.0999984741211
b8:27:eb:bf:9d:51,2020-07-12 00:06:00.722669601,IoT-Lab,22.7,51.0
b8:27:eb:bf:9d:51,2020-07-12 00:06:04.398876429,IoT-Lab,22.6,51.0
00:0f:00:70:91:0a,2020-07-12 00:06:05.387849092,IoT-Lab,19.700000762939453,76.0999984741211
1c:bf:ce:15:ec:4d,2020-07-12 00:06:06.161939383,IoT-Lab,27.0,77.9000015258789
b8:27:eb:bf:9d:51,2020-07-12 00:06:08.079987049,IoT-Lab,22.6,51.0
00:0f:00:70:91:0a,2020-07-12 00:06:09.224688053,IoT-Lab,19.700000762939453,76.0999984741211
1c:bf:ce:15:ec:4d,2020-07-12 00:06:11.035816431,IoT-Lab,27.0,78.0
b8:27:eb:bf:9d:51,2020-07-12 00:06:11.766315699,IoT-Lab,22.6,51.0
b8:27:eb:bf:9d:51,2020-07-12 00:06:15.448626757,IoT-Lab,22.6,51.0
b8:27:eb:bf:9d:51,2020-07-12 00:06:19.133520842,IoT-Lab,22.7,51.0
00:0f:00:70:91:0a,2020-07-12 00:06:20.567006826,IoT-Lab,19.799999237060547,76.0
b8:27:eb:bf:9d:51,2020-07-12 00:06:22.817639351,IoT-Lab,22.7,51.0
1c:bf:ce:15:ec:4d,2020-07-12 00:06:24.721998692,IoT-Lab,27.0,78.0
00:0f:00:70:91:0a,2020-07-12 00:06:25.999213696,IoT-Lab,19.799999237060547,76.19999694824219
b8:27:eb:bf:9d:51,2020-07-12 00:06:26.518639088,IoT-Lab,22.7,51.0
1c:bf:ce:15:ec:4d,2020-07-12 00:06:28.529938221,IoT-Lab,27.0,78.0
b8:27:eb:bf:9d:51,2020-07-12 00:06:30.206267595,IoT-Lab,22.7,51.0
00:0f:00:70:91:0a,2020-07-12 00:06:31.966749907,IoT-Lab,19.700000762939453,76.0
b8:27:eb:bf:9d:51,2020-07-12 00:06:33.893883705,IoT-Lab,22.7,51.0
1c:bf:ce:15:ec:4d,2020-07-12 00:06:35.545733213,IoT-Lab,27.0,78.19999694824219
00:0f:00:70:91:0a,2020-07-12 00:06:37.399847269,IoT-Lab,19.700000762939453,76.0
b8:27:eb:bf:9d:51,2020-07-12 00:06:37.581869364,IoT-Lab,22.7,51.0
1c:bf:ce:15:ec:4d,2020-07-12 00:06:39.356173038,IoT-Lab,27.0,78.19999694824219
00:0f:00:70:91:0a,2020-07-12 00:06:41.212451220,IoT-Lab,19.700000762939453,76.0
b8:27:eb:bf:9d:51,2020-07-12 00:06:41.269519806,IoT-Lab,22.7,51.0
1c:bf:ce:15:ec:4d,2020-07-12 00:06:44.232163668,IoT-Lab,27.100000381469727,78.30000305175781
b8:27:eb:bf:9d:51,2020-07-12 00:06:44.956831694,IoT-Lab,22.7,51.0
00:0f:00:70:91:0a,2020-07-12 00:06:48.248400450,IoT-Lab,19.799999237060547,76.0
b8:27:eb:bf:9d:51,2020-07-12 00:06:48.643306732,IoT-Lab,22.7,51.0
1c:bf:ce:15:ec:4d,2020-07-12 00:06:49.105833530,IoT-Lab,27.0,78.19999694824219
b8:27:eb:bf:9d:51,2020-07-12 00:06:52.330588102,IoT-Lab,22.7,51.0
00:0f:00:70:91:0a,2020-07-12 00:06:52.599903822,IoT-Lab,19.799999237060547,75.80000305175781
1c:bf:ce:15:ec:4d,2020-07-12 00:06:55.048788309,IoT-Lab,27.0,78.0999984741211
b8:27:eb:bf:9d:51,2020-07-12 00:06:56.016294479,IoT-Lab,22.7,51.0
1c:bf:ce:15:ec:4d,2020-07-12 00:06:59.391353846,IoT-Lab,27.100000381469727,78.19999694824219
b8:27:eb:bf:9d:51,2020-07-12 00:06:59.702186346,IoT-Lab,22.7,51.1
b8:27:eb:bf:9d:51,2020-07-12 00:07:03.387916088,IoT-Lab,22.7,51.1
00:0f:00:70:91:0a,2020-07-12 00:07:03.929914713,IoT-Lab,19.799999237060547,75.4000015258789
1c:bf:ce:15:ec:4d,2020-07-12 00:07:04.801400423,IoT-Lab,27.0,78.0999984741211
b8:27:eb:bf:9d:51,2020-07-12 00:07:07.073792458,IoT-Lab,22.7,51.1
1c:bf:ce:15:ec:4d,2020-07-12 00:07:10.749824286,IoT-Lab,27.0,78.0999984741211
b8:27:eb:bf:9d:51,2020-07-12 00:07:10.759641171,IoT-Lab,22.7,51.0
00:0f:00:70:91:0a,2020-07-12 00:07:12.644571304,IoT-Lab,19.799999237060547,75.5
b8:27:eb:bf:9d:51,2020-07-12 00:07:14.445430040,IoT-Lab,22.7,51.0
00:0f:00:70:91:0a,2020-07-12 00:07:17.535063028,IoT-Lab,19.799999237060547,75.5999984741211
b8:27:eb:bf:9d:51,2020-07-12 00:07:18.131155491,IoT-Lab,22.7,51.1
b8:27:eb:bf:9d:51,2020-07-12 00:07:21.817264318,IoT-Lab,22.7,51.1
b8:27:eb:bf:9d:51,2020-07-12 00:07:25.502998590,IoT-Lab,22.6,51.0
00:0f:00:70:91:0a,2020-07-12 00:07:25.666050196,IoT-Lab,19.799999237060547,75.5999984741211
1c:bf:ce:15:ec:4d,2020-07-12 00:07:26.590977907,IoT-Lab,27.0,78.0999984741211
b8:27:eb:bf:9d:51,2020-07-12 00:07:29.188678026,IoT-Lab,22.7,51.1
00:0f:00:70:91:0a,2020-07-12 00:07:29.477773428,IoT-Lab,19.799999237060547,75.5999984741211
1c:bf:ce:15:ec:4d,2020-07-12 00:07:31.466213703,IoT-Lab,27.0,78.0
b8:27:eb:bf:9d:51,2020-07-12 00:07:32.874545574,IoT-Lab,22.7,51.1
00:0f:00:70:91:0a,2020-07-12 00:07:33.292081356,IoT-Lab,19.799999237060547,75.5999984741211
1c:bf:ce:15:ec:4d,2020-07-12 00:07:36.351643085,IoT-Lab,27.0,78.0
b8:27:eb:bf:9d:51,2020-07-12 00:07:36.560278893,IoT-Lab,22.7,51.1
00:0f:00:70:91:0a,2020-07-12 00:07:37.106341362,IoT-Lab,19.799999237060547,75.80000305175781
b8:27:eb:bf:9d:51,2020-07-12 00:07:40.245454311,IoT-Lab,22.6,51.1
00:0f:00:70:91:0a,2020-07-12 00:07:41.990267038,IoT-Lab,19.799999237060547,75.5999984741211
b8:27:eb:bf:9d:51,2020-07-12 00:07:43.890916109,IoT-Lab,22.7,51.1
1c:bf:ce:15:ec:4d,2020-07-12 00:07:43.897485495,IoT-Lab,27.0,78.0
b8:27:eb:bf:9d:51,2020-07-12 00:07:47.587950230,IoT-Lab,22.6,51.1
1c:bf:ce:15:ec:4d,2020-07-12 00:07:49.843394518,IoT-Lab,27.0,78.0
b8:27:eb:bf:9d:51,2020-07-12 00:07:51.276725054,IoT-Lab,22.6,51.1
00:0f:00:70:91:0a,2020-07-12 00:07:52.252391099,IoT-Lab,19.799999237060547,75.5
b8:27:eb:bf:9d:51,2020-07-12 00:07:54.962497711,IoT-Lab,22.6,51.1
00:0f:00:70:91:0a,2020-07-12 00:07:56.609095097,IoT-Lab,19.799999237060547,75.30000305175781
1c:bf:ce:15:ec:4d,2020-07-12 00:07:56.857358694,IoT-Lab,27.0,78.19999694824219
b8:27:eb:bf:9d:51,2020-07-12 00:07:58.648145914,IoT-Lab,22.7,51.1
b8:27:eb:bf:9d:51,2020-07-12 00:08:02.335309267,IoT-Lab,22.6,51.1
00:0f:00:70:91:0a,2020-07-12 00:08:02.573491096,IoT-Lab,19.700000762939453,75.19999694824219
1c:bf:ce:15:ec:4d,2020-07-12 00:08:05.561073065,IoT-Lab,27.0,78.4000015258789
b8:27:eb:bf:9d:51,2020-07-12 00:08:06.021201372,IoT-Lab,22.6,51.1
00:0f:00:70:91:0a,2020-07-12 00:08:06.930287600,IoT-Lab,19.799999237060547,75.30000305175781
b8:27:eb:bf:9d:51,2020-07-12 00:08:09.706947088,IoT-Lab,22.7,51.2
1c:bf:ce:15:ec:4d,2020-07-12 00:08:10.977652788,IoT-Lab,27.0,78.5
b8:27:eb:bf:9d:51,2020-07-12 00:08:13.392833710,IoT-Lab,22.7,51.2
b8:27:eb:bf:9d:51,2020-07-12 00:08:17.078825712,IoT-Lab,22.6,51.1
00:0f:00:70:91:0a,2020-07-12 00:08:17.194205284,IoT-Lab,19.700000762939453,75.19999694824219
1c:bf:ce:15:ec:4d,2020-07-12 00:08:20.667693377,IoT-Lab,27.0,78.5
b8:27:eb:bf:9d:51,2020-07-12 00:08:20.765260220,IoT-Lab,22.6,51.1
00:0f:00:70:91:0a,2020-07-12 00:08:21.007872343,IoT-Lab,19.799999237060547,75.19999694824219
b8:27:eb:bf:9d:51,2020-07-12 00:08:24.451181412,IoT-Lab,22.6,51.1
00:0f:00:70:91:0a,2020-07-12 00:08:25.359974384,IoT-Lab,19.799999237060547,75.30000305175781
1c:bf:ce:15:ec:4d,2020-07-12 00:08:26.089248896,IoT-Lab,27.0,78.5
b8:27:eb:bf:9d:51,2020-07-12 00:08:28.136983156,IoT-Lab,22.6,51.1
00:0f:00:70:91:0a,2020-07-12 00:08:31.320925713,IoT-Lab,19.700000762939453,75.19999694824219
b8:27:eb:bf:9d:51,2020-07-12 00:08:31.823079824,IoT-Lab,22.6,51.1
1c:bf:ce:15:ec:4d,2020-07-12 00:08:32.570797443,IoT-Lab,27.0,78.30000305175781
b8:27:eb:bf:9d:51,2020-07-12 00:08:35.417101622,IoT-Lab,22.6,51.1
00:0f:00:70:91:0a,2020-07-12 00:08:37.292033672,IoT-Lab,19.700000762939453,75.19999694824219
1c:bf:ce:15:ec:4d,2020-07-12 00:08:37.447654963,IoT-Lab,27.0,78.80000305175781
b8:27:eb:bf:9d:51,2020-07-12 00:08:39.105431080,IoT-Lab,22.6,51.1
00:0f:00:70:91:0a,2020-07-12 00:08:42.730912209,IoT-Lab,19.700000762939453,75.19999694824219
b8:27:eb:bf:9d:51,2020-07-12 00:08:42.791306019,IoT-Lab,22.6,51.1
b8:27:eb:bf:9d:51,2020-07-12 00:08:46.477329969,IoT-Lab,22.6,51.1
1c:bf:ce:15:ec:4d,2020-07-12 00:08:47.149591923,IoT-Lab,27.0,79.30000305175781
b8:27:eb:bf:9d:51,2020-07-12 00:08:50.163108110,IoT-Lab,22.6,51.1
00:0f:00:70:91:0a,2020-07-12 00:08:51.925513029,IoT-Lab,19.700000762939453,75.0999984741211
1c:bf:ce:15:ec:4d,2020-07-12 00:08:53.092550516,IoT-Lab,27.0,79.0999984741211
b8:27:eb:bf:9d:51,2020-07-12 00:08:53.848890305,IoT-Lab,22.6,51.1
00:0f:00:70:91:0a,2020-07-12 00:08:56.276598215,IoT-Lab,19.700000762939453,75.0999984741211
b8:27:eb:bf:9d:51,2020-07-12 00:08:57.534965276,IoT-Lab,22.6,51.1
1c:bf:ce:15:ec:4d,2020-07-12 00:08:59.039346457,IoT-Lab,27.0,78.80000305175781
00:0f:00:70:91:0a,2020-07-12 00:09:00.101289034,IoT-Lab,19.700000762939453,75.0999984741211
b8:27:eb:bf:9d:51,2020-07-12 00:09:01.220887899,IoT-Lab,22.6,51.0
b8:27:eb:bf:9d:51,2020-07-12 00:09:04.910023689,IoT-Lab,22.6,51.0
1c:bf:ce:15:ec:4d,2020-07-12 00:09:05.020857573,IoT-Lab,27.0,78.30000305175781
00:0f:00:70:91:0a,2020-07-12 00:09:05.530196905,IoT-Lab,19.700000762939453,75.0
b8:27:eb:bf:9d:51,2020-07-12 00:09:08.595789909,IoT-Lab,22.6,50.9
1c:bf:ce:15:ec:4d,2020-07-12 00:09:08.830517292,IoT-Lab,27.0,78.69999694824219
00:0f:00:70:91:0a,2020-07-12 00:09:12.108891249,IoT-Lab,19.700000762939453,75.0
b8:27:eb:bf:9d:51,2020-07-12 00:09:12.281934023,IoT-Lab,22.6,50.9
1c:bf:ce:15:ec:4d,2020-07-12 00:09:12.640626907,IoT-Lab,27.0,78.19999694824219
b8:27:eb:bf:9d:51,2020-07-12 00:09:15.967010021,IoT-Lab,22.6,50.7
00:0f:00:70:91:0a,2020-07-12 00:09:19.142543077,IoT-Lab,19.700000762939453,75.0999984741211
b8:27:eb:bf:9d:51,2020-07-12 00:09:19.653264284,IoT-Lab,22.6,50.5
1c:bf:ce:15:ec:4d,2020-07-12 00:09:20.187642097,IoT-Lab,27.0,78.0
00:0f:00:70:91:0a,2020-07-12 00:09:22.960313797,IoT-Lab,19.700000762939453,75.0999984741211
b8:27:eb:bf:9d:51,2020-07-12 00:09:23.339087486,IoT-Lab,22.6,50.4
1c:bf:ce:15:ec:4d,2020-07-12 00:09:24.529492378,IoT-Lab,27.0,78.0
b8:27:eb:bf:9d:51,2020-07-12 00:09:27.025172710,IoT-Lab,22.6,50.3
00:0f:00:70:91:0a,2020-07-12 00:09:27.850238323,IoT-Lab,19.700000762939453,75.19999694824219
1c:bf:ce:15:ec:4d,2020-07-12 00:09:30.479444027,IoT-Lab,27.0,78.0
b8:27:eb:bf:9d:51,2020-07-12 00:09:30.711030006,IoT-Lab,22.6,50.2
00:0f:00:70:91:0a,2020-07-12 00:09:32.737698793,IoT-Lab,19.700000762939453,75.19999694824219
b8:27:eb:bf:9d:51,2020-07-12 00:09:34.396959305,IoT-Lab,22.6,50.1
1c:bf:ce:15:ec:4d,2020-07-12 00:09:38.033297062,IoT-Lab,27.0,78.0
b8:27:eb:bf:9d:51,2020-07-12 00:09:38.082861900,IoT-Lab,22.6,50.0
00:0f:00:70:91:0a,2020-07-12 00:09:38.698120117,IoT-Lab,19.700000762939453,75.0999984741211
b8:27:eb:bf:9d:51,2020-07-12 00:09:41.768766880,IoT-Lab,22.6,50.0
00:0f:00:70:91:0a,2020-07-12 00:09:44.657613039,IoT-Lab,19.700000762939453,75.19999694824219
1c:bf:ce:15:ec:4d,2020-07-12 00:09:45.046390295,IoT-Lab,27.0,78.0
b8:27:eb:bf:9d:51,2020-07-12 00:09:45.454875708,IoT-Lab,22.5,49.9
b8:27:eb:bf:9d:51,2020-07-12 00:09:49.141025543,IoT-Lab,22.5,49.9
1c:bf:ce:15:ec:4d,2020-07-12 00:09:49.388375521,IoT-Lab,27.0,78.0
00:0f:00:70:91:0a,2020-07-12 00:09:49.560270071,IoT-Lab,19.700000762939453,75.19999694824219
b8:27:eb:bf:9d:51,2020-07-12 00:09:52.829939365,IoT-Lab,22.5,49.7
1c:bf:ce:15:ec:4d,2020-07-12 00:09:53.195544720,IoT-Lab,27.0,78.0
00:0f:00:70:91:0a,2020-07-12 00:09:53.915935993,IoT-Lab,19.700000762939453,75.19999694824219
b8:27:eb:bf:9d:51,2020-07-12 00:09:56.515793085,IoT-Lab,22.5,49.7
00:0f:00:70:91:0a,2020-07-12 00:09:57.728580952,IoT-Lab,19.700000762939453,75.19999694824219
b8:27:eb:bf:9d:51,2020-07-12 00:10:00.201745510,IoT-Lab,22.5,49.7
1c:bf:ce:15:ec:4d,2020-07-12 00:10:00.220638990,IoT-Lab,27.0,78.0999984741211
b8:27:eb:bf:9d:51,2020-07-12 00:10:03.887543201,IoT-Lab,22.5,49.6
1c:bf:ce:15:ec:4d,2020-07-12 00:10:05.632518768,IoT-Lab,27.0,78.0999984741211
b8:27:eb:bf:9d:51,2020-07-12 00:10:07.573412895,IoT-Lab,22.5,49.5
1c:bf:ce:15:ec:4d,2020-07-12 00:10:10.503576755,IoT-Lab,27.0,78.0999984741211
b8:27:eb:bf:9d:51,2020-07-12 00:10:11.259368420,IoT-Lab,22.5,49.5
b8:27:eb:bf:9d:51,2020-07-12 00:10:14.945195913,IoT-Lab,22.5,49.5
b8:27:eb:bf:9d:51,2020-07-12 00:10:18.631261110,IoT-Lab,22.5,49.6
00:0f:00:70:91:0a,2020-07-12 00:10:18.760050297,IoT-Lab,19.700000762939453,74.9000015258789
1c:bf:ce:15:ec:4d,2020-07-12 00:10:19.120174170,IoT-Lab,27.0,78.0999984741211
b8:27:eb:bf:9d:51,2020-07-12 00:10:22.316413641,IoT-Lab,22.4,49.6
00:0f:00:70:91:0a,2020-07-12 00:10:23.648040056,IoT-Lab,19.700000762939453,75.0
b8:27:eb:bf:9d:51,2020-07-12 00:10:26.002278805,IoT-Lab,22.5,49.7
00:0f:00:70:91:0a,2020-07-12 00:10:27.459049940,IoT-Lab,19.700000762939453,74.80000305175781
1c:bf:ce:15:ec:4d,2020-07-12 00:10:29.346655130,IoT-Lab,27.0,78.0
b8:27:eb:bf:9d:51,2020-07-12 00:10:29.688327312,IoT-Lab,22.5,49.6
1c:bf:ce:15:ec:4d,2020-07-12 00:10:33.155496597,IoT-Lab,27.0,78.0
b8:27:eb:bf:9d:51,2020-07-12 00:10:33.374454498,IoT-Lab,22.4,49.5
00:0f:00:70:91:0a,2020-07-12 00:10:33.958323002,IoT-Lab,19.700000762939453,74.9000015258789
1c:bf:ce:15:ec:4d,2020-07-12 00:10:36.965203285,IoT-Lab,27.0,78.0
b8:27:eb:bf:9d:51,2020-07-12 00:10:37.060390949,IoT-Lab,22.5,49.5
b8:27:eb:bf:9d:51,2020-07-12 00:10:40.746451139,IoT-Lab,22.4,49.4
00:0f:00:70:91:0a,2020-07-12 00:10:41.531259060,IoT-Lab,19.700000762939453,74.80000305175781
1c:bf:ce:15:ec:4d,2020-07-12 00:10:43.451154709,IoT-Lab,27.0,77.9000015258789
b8:27:eb:bf:9d:51,2020-07-12 00:10:44.432476997,IoT-Lab,22.4,49.4
00:0f:00:70:91:0a,2020-07-12 00:10:45.347089767,IoT-Lab,19.700000762939453,74.80000305175781
b8:27:eb:bf:9d:51,2020-07-12 00:10:48.118554354,IoT-Lab,22.4,49.3
00:0f:00:70:91:0a,2020-07-12 00:10:49.160636425,IoT-Lab,19.700000762939453,74.9000015258789
1c:bf:ce:15:ec:4d,2020-07-12 00:10:50.994523525,IoT-Lab,27.0,77.80000305175781
b8:27:eb:bf:9d:51,2020-07-12 00:10:51.803370237,IoT-Lab,22.4,49.3
00:0f:00:70:91:0a,2020-07-12 00:10:54.051082850,IoT-Lab,19.700000762939453,74.80000305175781
b8:27:eb:bf:9d:51,2020-07-12 00:10:55.489412069,IoT-Lab,22.4,49.3
1c:bf:ce:15:ec:4d,2020-07-12 00:10:59.075763941,IoT-Lab,27.0,77.80000305175781
b8:27:eb:bf:9d:51,2020-07-12 00:10:59.175658226,IoT-Lab,22.4,49.2
00:0f:00:70:91:0a,2020-07-12 00:10:59.479128361,IoT-Lab,19.600000381469727,74.69999694824219
b8:27:eb:bf:9d:51,2020-07-12 00:11:02.863000154,IoT-Lab,22.4,49.1
00:0f:00:70:91:0a,2020-07-12 00:11:04.920086622,IoT-Lab,19.700000762939453,74.69999694824219
1c:bf:ce:15:ec:4d,2020-07-12 00:11:06.096900702,IoT-Lab,27.0,77.69999694824219
b8:27:eb:bf:9d:51,2020-07-12 00:11:06.548466682,IoT-Lab,22.4,49.2
b8:27:eb:bf:9d:51,2020-07-12 00:11:10.234577417,IoT-Lab,22.4,49.2
1c:bf:ce:15:ec:4d,2020-07-12 00:11:13.646658897,IoT-Lab,27.0,77.5999984741211
b8:27:eb:bf:9d:51,2020-07-12 00:11:13.909918785,IoT-Lab,22.4,49.3
00:0f:00:70:91:0a,2020-07-12 00:11:14.161287785,IoT-Lab,19.600000381469727,74.69999694824219
b8:27:eb:bf:9d:51,2020-07-12 00:11:17.594035149,IoT-Lab,22.3,49.2
1c:bf:ce:15:ec:4d,2020-07-12 00:11:17.988525391,IoT-Lab,27.0,77.5999984741211
b8:27:eb:bf:9d:51,2020-07-12 00:11:21.236077785,IoT-Lab,22.4,49.3
00:0f:00:70:91:0a,2020-07-12 00:11:21.736459494,IoT-Lab,19.600000381469727,74.69999694824219
1c:bf:ce:15:ec:4d,2020-07-12 00:11:21.796495438,IoT-Lab,27.0,77.5999984741211
b8:27:eb:bf:9d:51,2020-07-12 00:11:24.926511526,IoT-Lab,22.3,49.2
00:0f:00:70:91:0a,2020-07-12 00:11:25.553344250,IoT-Lab,19.600000381469727,74.80000305175781
1c:bf:ce:15:ec:4d,2020-07-12 00:11:26.667987108,IoT-Lab,27.0,77.69999694824219
b8:27:eb:bf:9d:51,2020-07-12 00:11:28.860747814,IoT-Lab,22.3,49.2
00:0f:00:70:91:0a,2020-07-12 00:11:31.519144057,IoT-Lab,19.600000381469727,74.80000305175781
1c:bf:ce:15:ec:4d,2020-07-12 00:11:31.541491508,IoT-Lab,27.0,77.80000305175781
b8:27:eb:bf:9d:51,2020-07-12 00:11:32.547657490,IoT-Lab,22.3,49.2
00:0f:00:70:91:0a,2020-07-12 00:11:35.869991064,IoT-Lab,19.600000381469727,74.80000305175781
1c:bf:ce:15:ec:4d,2020-07-12 00:11:35.885520458,IoT-Lab,27.0,77.80000305175781
b8:27:eb:bf:9d:51,2020-07-12 00:11:36.233642578,IoT-Lab,22.3,49.1
b8:27:eb:bf:9d:51,2020-07-12 00:11:39.916498899,IoT-Lab,22.3,49.1
1c:bf:ce:15:ec:4d,2020-07-12 00:11:40.240111113,IoT-Lab,27.0,77.9000015258789
b8:27:eb:bf:9d:51,2020-07-12 00:11:43.602338791,IoT-Lab,22.3,49.1
00:0f:00:70:91:0a,2020-07-12 00:11:46.126112223,IoT-Lab,19.600000381469727,74.69999694824219
1c:bf:ce:15:ec:4d,2020-07-12 00:11:46.722162724,IoT-Lab,27.0,77.9000015258789
b8:27:eb:bf:9d:51,2020-07-12 00:11:47.286896467,IoT-Lab,22.3,49.1
00:0f:00:70:91:0a,2020-07-12 00:11:49.940718889,IoT-Lab,19.600000381469727,74.80000305175781
b8:27:eb:bf:9d:51,2020-07-12 00:11:50.970836163,IoT-Lab,22.3,49.1
1c:bf:ce:15:ec:4d,2020-07-12 00:11:52.665910721,IoT-Lab,27.0,78.0
b8:27:eb:bf:9d:51,2020-07-12 00:11:54.656591892,IoT-Lab,22.3,49.1
00:0f:00:70:91:0a,2020-07-12 00:11:55.367485523,IoT-Lab,19.600000381469727,74.69999694824219
1c:bf:ce:15:ec:4d,2020-07-12 00:11:57.542848825,IoT-Lab,27.0,78.0
b8:27:eb:bf:9d:51,2020-07-12 00:11:58.342525482,IoT-Lab,22.3,49.1
b8:27:eb:bf:9d:51,2020-07-12 00:12:02.028604746,IoT-Lab,22.3,49.1
1c:bf:ce:15:ec:4d,2020-07-12 00:12:02.436467409,IoT-Lab,27.0,78.0999984741211
00:0f:00:70:91:0a,2020-07-12 00:12:04.567918777,IoT-Lab,19.600000381469727,74.80000305175781
b8:27:eb:bf:9d:51,2020-07-12 00:12:05.714462996,IoT-Lab,22.3,49.1
1c:bf:ce:15:ec:4d,2020-07-12 00:12:06.775723934,IoT-Lab,27.0,78.0
b8:27:eb:bf:9d:51,2020-07-12 00:12:09.400358200,IoT-Lab,22.3,49.1
00:0f:00:70:91:0a,2020-07-12 00:12:12.224645376,IoT-Lab,19.600000381469727,74.80000305175781
b8:27:eb:bf:9d:51,2020-07-12 00:12:13.086221695,IoT-Lab,22.3,49.1
1c:bf:ce:15:ec:4d,2020-07-12 00:12:15.393914461,IoT-Lab,27.0,78.0
b8:27:eb:bf:9d:51,2020-07-12 00:12:16.772025585,IoT-Lab,22.3,49.0
00:0f:00:70:91:0a,2020-07-12 00:12:17.647882223,IoT-Lab,19.600000381469727,74.80000305175781
b8:27:eb:bf:9d:51,2020-07-12 00:12:20.458460093,IoT-Lab,22.3,49.0
b8:27:eb:bf:9d:51,2020-07-12 00:12:24.144327402,IoT-Lab,22.2,48.9
00:0f:00:70:91:0a,2020-07-12 00:12:24.160413027,IoT-Lab,19.600000381469727,74.9000015258789
1c:bf:ce:15:ec:4d,2020-07-12 00:12:26.148482323,IoT-Lab,27.0,77.9000015258789
b8:27:eb:bf:9d:51,2020-07-12 00:12:27.830219507,IoT-Lab,22.3,48.9
00:0f:00:70:91:0a,2020-07-12 00:12:28.515340090,IoT-Lab,19.600000381469727,74.80000305175781
b8:27:eb:bf:9d:51,2020-07-12 00:12:31.516308069,IoT-Lab,22.3,48.9
1c:bf:ce:15:ec:4d,2020-07-12 00:12:31.561470509,IoT-Lab,27.0,77.9000015258789
b8:27:eb:bf:9d:51,2020-07-12 00:12:35.202194929,IoT-Lab,22.2,48.9
1c:bf:ce:15:ec:4d,2020-07-12 00:12:36.973432064,IoT-Lab,27.0,77.9000015258789
00:0f:00:70:91:0a,2020-07-12 00:12:37.701698303,IoT-Lab,19.600000381469727,74.69999694824219
b8:27:eb:bf:9d:51,2020-07-12 00:12:38.888343096,IoT-Lab,22.2,48.9
1c:bf:ce:15:ec:4d,2020-07-12 00:12:41.849643707,IoT-Lab,27.0,78.0
b8:27:eb:bf:9d:51,2020-07-12 00:12:42.547508717,IoT-Lab,22.2,48.8
00:0f:00:70:91:0a,2020-07-12 00:12:42.588070869,IoT-Lab,19.600000381469727,74.69999694824219
b8:27:eb:bf:9d:51,2020-07-12 00:12:46.248263836,IoT-Lab,22.2,48.9
1c:bf:ce:15:ec:4d,2020-07-12 00:12:47.793680191,IoT-Lab,27.0,77.4000015258789
00:0f:00:70:91:0a,2020-07-12 00:12:48.028884172,IoT-Lab,19.600000381469727,74.69999694824219
b8:27:eb:bf:9d:51,2020-07-12 00:12:49.934951305,IoT-Lab,22.2,48.8
1c:bf:ce:15:ec:4d,2020-07-12 00:12:52.136994362,IoT-Lab,27.0,78.0
b8:27:eb:bf:9d:51,2020-07-12 00:12:53.622616291,IoT-Lab,22.2,48.9
00:0f:00:70:91:0a,2020-07-12 00:12:54.000830173,IoT-Lab,19.600000381469727,74.69999694824219
b8:27:eb:bf:9d:51,2020-07-12 00:12:57.310183287,IoT-Lab,22.2,48.9
1c:bf:ce:15:ec:4d,2020-07-12 00:12:57.554514647,IoT-Lab,27.0,78.19999694824219
00:0f:00:70:91:0a,2020-07-12 00:12:59.961209774,IoT-Lab,19.600000381469727,74.69999694824219
b8:27:eb:bf:9d:51,2020-07-12 00:13:00.997538805,IoT-Lab,22.2,48.9
00:0f:00:70:91:0a,2020-07-12 00:13:03.786724091,IoT-Lab,19.600000381469727,74.80000305175781
b8:27:eb:bf:9d:51,2020-07-12 00:13:04.685525179,IoT-Lab,22.2,48.9
1c:bf:ce:15:ec:4d,2020-07-12 00:13:06.186654091,IoT-Lab,27.0,78.0
b8:27:eb:bf:9d:51,2020-07-12 00:13:08.372824430,IoT-Lab,22.2,48.8
00:0f:00:70:91:0a,2020-07-12 00:13:10.292675972,IoT-Lab,19.600000381469727,74.19999694824219
b8:27:eb:bf:9d:51,2020-07-12 00:13:12.058640242,IoT-Lab,22.2,48.8
00:0f:00:70:91:0a,2020-07-12 00:13:15.735251188,IoT-Lab,19.600000381469727,75.0999984741211
b8:27:eb:bf:9d:51,2020-07-12 00:13:15.744640350,IoT-Lab,22.2,48.9
1c:bf:ce:15:ec:4d,2020-07-12 00:13:19.347487450,IoT-Lab,27.0,78.0999984741211
b8:27:eb:bf:9d:51,2020-07-12 00:13:19.428790092,IoT-Lab,22.2,48.9
00:0f:00:70:91:0a,2020-07-12 00:13:19.549813986,IoT-Lab,19.600000381469727,74.9000015258789
b8:27:eb:bf:9d:51,2020-07-12 00:13:23.114670515,IoT-Lab,22.2,48.8
1c:bf:ce:15:ec:4d,2020-07-12 00:13:26.371824503,IoT-Lab,27.0,78.0
00:0f:00:70:91:0a,2020-07-12 00:13:26.590704918,IoT-Lab,19.600000381469727,74.5999984741211
b8:27:eb:bf:9d:51,2020-07-12 00:13:26.800627947,IoT-Lab,22.2,48.8
b8:27:eb:bf:9d:51,2020-07-12 00:13:30.485560894,IoT-Lab,22.2,48.8
b8:27:eb:bf:9d:51,2020-07-12 00:13:34.156262875,IoT-Lab,22.2,48.8
1c:bf:ce:15:ec:4d,2020-07-12 00:13:34.990629911,IoT-Lab,27.0,77.9000015258789
00:0f:00:70:91:0a,2020-07-12 00:13:35.778455496,IoT-Lab,19.600000381469727,74.5999984741211
b8:27:eb:bf:9d:51,2020-07-12 00:13:37.834760189,IoT-Lab,22.2,48.8
00:0f:00:70:91:0a,2020-07-12 00:13:39.592327118,IoT-Lab,19.5,74.5999984741211
b8:27:eb:bf:9d:51,2020-07-12 00:13:41.520620345,IoT-Lab,22.2,48.8
00:0f:00:70:91:0a,2020-07-12 00:13:43.407603502,IoT-Lab,19.5,74.5
b8:27:eb:bf:9d:51,2020-07-12 00:13:45.206612825,IoT-Lab,22.1,48.8
1c:bf:ce:15:ec:4d,2020-07-12 00:13:45.216468573,IoT-Lab,27.0,77.80000305175781
00:0f:00:70:91:0a,2020-07-12 00:13:48.834518194,IoT-Lab,19.5,74.5
b8:27:eb:bf:9d:51,2020-07-12 00:13:48.892356157,IoT-Lab,22.1,48.8
1c:bf:ce:15:ec:4d,2020-07-12 00:13:49.024204016,IoT-Lab,27.0,77.80000305175781
b8:27:eb:bf:9d:51,2020-07-12 00:13:52.578331947,IoT-Lab,22.1,48.8
b8:27:eb:bf:9d:51,2020-07-12 00:13:56.265817642,IoT-Lab,22.1,48.8
1c:bf:ce:15:ec:4d,2020-07-12 00:13:58.720154047,IoT-Lab,27.0,77.9000015258789
00:0f:00:70:91:0a,2020-07-12 00:13:59.107789993,IoT-Lab,19.5,74.5
b8:27:eb:bf:9d:51,2020-07-12 00:13:59.953202724,IoT-Lab,22.1,48.8
00:0f:00:70:91:0a,2020-07-12 00:14:02.921696901,IoT-Lab,19.5,74.5
b8:27:eb:bf:9d:51,2020-07-12 00:14:03.641000032,IoT-Lab,22.1,48.8
b8:27:eb:bf:9d:51,2020-07-12 00:14:07.327721357,IoT-Lab,22.1,48.8
00:0f:00:70:91:0a,2020-07-12 00:14:07.810281515,IoT-Lab,19.5,74.5999984741211
b8:27:eb:bf:9d:51,2020-07-12 00:14:11.015425205,IoT-Lab,22.1,48.8
1c:bf:ce:15:ec:4d,2020-07-12 00:14:14.028974295,IoT-Lab,27.0,78.0
00:0f:00:70:91:0a,2020-07-12 00:14:14.334909439,IoT-Lab,19.5,74.5
b8:27:eb:bf:9d:51,2020-07-12 00:14:14.703414917,IoT-Lab,22.1,48.8
b8:27:eb:bf:9d:51,2020-07-12 00:14:18.391366720,IoT-Lab,22.1,48.8
00:0f:00:70:91:0a,2020-07-12 00:14:19.224148512,IoT-Lab,19.5,74.80000305175781
1c:bf:ce:15:ec:4d,2020-07-12 00:14:21.590493917,IoT-Lab,27.0,78.0999984741211
b8:27:eb:bf:9d:51,2020-07-12 00:14:22.079179525,IoT-Lab,22.1,48.8
00:0f:00:70:91:0a,2020-07-12 00:14:24.115718603,IoT-Lab,19.5,74.5999984741211
b8:27:eb:bf:9d:51,2020-07-12 00:14:25.766186953,IoT-Lab,22.1,48.8
00:0f:00:70:91:0a,2020-07-12 00:14:28.469726562,IoT-Lab,19.5,74.69999694824219
b8:27:eb:bf:9d:51,2020-07-12 00:14:29.452063084,IoT-Lab,22.1,48.8
1c:bf:ce:15:ec:4d,2020-07-12 00:14:31.280897141,IoT-Lab,27.0,78.19999694824219
b8:27:eb:bf:9d:51,2020-07-12 00:14:33.137729645,IoT-Lab,22.1,48.8
b8:27:eb:bf:9d:51,2020-07-12 00:14:36.823942423,IoT-Lab,22.1,48.8
00:0f:00:70:91:0a,2020-07-12 00:14:37.114784956,IoT-Lab,19.5,74.69999694824219
1c:bf:ce:15:ec:4d,2020-07-12 00:14:40.429672718,IoT-Lab,27.0,78.80000305175781
b8:27:eb:bf:9d:51,2020-07-12 00:14:40.510075092,IoT-Lab,22.1,48.8
b8:27:eb:bf:9d:51,2020-07-12 00:14:44.196197033,IoT-Lab,22.1,48.8
1c:bf:ce:15:ec:4d,2020-07-12 00:14:44.772848606,IoT-Lab,27.100000381469727,78.9000015258789
00:0f:00:70:91:0a,2020-07-12 00:14:45.761393785,IoT-Lab,19.5,74.5
b8:27:eb:bf:9d:51,2020-07-12 00:14:47.881969690,IoT-Lab,22.1,48.7
1c:bf:ce:15:ec:4d,2020-07-12 00:14:49.116148710,IoT-Lab,27.100000381469727,79.0
b8:27:eb:bf:9d:51,2020-07-12 00:14:51.567716599,IoT-Lab,22.1,48.8
1c:bf:ce:15:ec:4d,2020-07-12 00:14:53.991070032,IoT-Lab,27.0,78.80000305175781
b8:27:eb:bf:9d:51,2020-07-12 00:14:55.253617764,IoT-Lab,22.1,48.8
00:0f:00:70:91:0a,2020-07-12 00:14:57.111728907,IoT-Lab,19.5,74.5999984741211
b8:27:eb:bf:9d:51,2020-07-12 00:14:58.939508915,IoT-Lab,22.1,48.8
1c:bf:ce:15:ec:4d,2020-07-12 00:15:01.538885117,IoT-Lab,27.0,78.5
00:0f:00:70:91:0a,2020-07-12 00:15:02.000754833,IoT-Lab,19.5,74.69999694824219
b8:27:eb:bf:9d:51,2020-07-12 00:15:02.625612497,IoT-Lab,22.0,48.8
1c:bf:ce:15:ec:4d,2020-07-12 00:15:05.375904560,IoT-Lab,27.0,78.5
b8:27:eb:bf:9d:51,2020-07-12 00:15:06.311306000,IoT-Lab,22.0,48.9
00:0f:00:70:91:0a,2020-07-12 00:15:06.890600204,IoT-Lab,19.5,74.5999984741211
b8:27:eb:bf:9d:51,2020-07-12 00:15:09.996174574,IoT-Lab,22.0,48.8
1c:bf:ce:15:ec:4d,2020-07-12 00:15:10.788214207,IoT-Lab,27.100000381469727,78.80000305175781
00:0f:00:70:91:0a,2020-07-12 00:15:12.351450443,IoT-Lab,19.5,74.69999694824219
b8:27:eb:bf:9d:51,2020-07-12 00:15:13.682041645,IoT-Lab,22.0,48.8
1c:bf:ce:15:ec:4d,2020-07-12 00:15:14.596892357,IoT-Lab,27.0,78.30000305175781
00:0f:00:70:91:0a,2020-07-12 00:15:16.701520205,IoT-Lab,19.5,74.69999694824219
b8:27:eb:bf:9d:51,2020-07-12 00:15:17.368021011,IoT-Lab,22.0,49.0
1c:bf:ce:15:ec:4d,2020-07-12 00:15:20.008487701,IoT-Lab,27.0,78.19999694824219
00:0f:00:70:91:0a,2020-07-12 00:15:20.517181635,IoT-Lab,19.5,74.69999694824219
b8:27:eb:bf:9d:51,2020-07-12 00:15:21.053928614,IoT-Lab,22.0,49.2
1c:bf:ce:15:ec:4d,2020-07-12 00:15:23.815606117,IoT-Lab,27.0,78.19999694824219
00:0f:00:70:91:0a,2020-07-12 00:15:24.339846611,IoT-Lab,19.5,74.80000305175781
b8:27:eb:bf:9d:51,2020-07-12 00:15:24.739725828,IoT-Lab,22.0,49.2
1c:bf:ce:15:ec:4d,2020-07-12 00:15:27.620713949,IoT-Lab,27.0,78.19999694824219
b8:27:eb:bf:9d:51,2020-07-12 00:15:28.425516367,IoT-Lab,22.0,49.4
00:0f:00:70:91:0a,2020-07-12 00:15:28.692904711,IoT-Lab,19.5,74.9000015258789
b8:27:eb:bf:9d:51,2020-07-12 00:15:32.111268044,IoT-Lab,22.0,49.4
1c:bf:ce:15:ec:4d,2020-07-12 00:15:33.033872843,IoT-Lab,27.0,78.19999694824219
00:0f:00:70:91:0a,2020-07-12 00:15:34.124972343,IoT-Lab,19.5,74.9000015258789
b8:27:eb:bf:9d:51,2020-07-12 00:15:35.797069073,IoT-Lab,22.0,49.3
b8:27:eb:bf:9d:51,2020-07-12 00:15:39.482985497,IoT-Lab,22.0,49.4
1c:bf:ce:15:ec:4d,2020-07-12 00:15:41.127208947,IoT-Lab,27.0,78.19999694824219
b8:27:eb:bf:9d:51,2020-07-12 00:15:43.168907166,IoT-Lab,22.0,49.5
00:0f:00:70:91:0a,2020-07-12 00:15:43.851568699,IoT-Lab,19.5,74.9000015258789
b8:27:eb:bf:9d:51,2020-07-12 00:15:46.854792118,IoT-Lab,22.0,49.5
00:0f:00:70:91:0a,2020-07-12 00:15:49.279350758,IoT-Lab,19.5,75.0
b8:27:eb:bf:9d:51,2020-07-12 00:15:50.540647030,IoT-Lab,22.0,49.5
1c:bf:ce:15:ec:4d,2020-07-12 00:15:53.210847378,IoT-Lab,27.0,78.0
b8:27:eb:bf:9d:51,2020-07-12 00:15:54.226397753,IoT-Lab,22.0,49.7
b8:27:eb:bf:9d:51,2020-07-12 00:15:57.912174702,IoT-Lab,22.0,50.0
1c:bf:ce:15:ec:4d,2020-07-12 00:16:00.226313353,IoT-Lab,27.0,77.9000015258789
b8:27:eb:bf:9d:51,2020-07-12 00:16:01.597920418,IoT-Lab,22.0,50.1
00:0f:00:70:91:0a,2020-07-12 00:16:04.647547483,IoT-Lab,19.5,75.0
b8:27:eb:bf:9d:51,2020-07-12 00:16:05.283940554,IoT-Lab,22.0,49.9
1c:bf:ce:15:ec:4d,2020-07-12 00:16:07.776821136,IoT-Lab,27.0,77.9000015258789
b8:27:eb:bf:9d:51,2020-07-12 00:16:08.969856024,IoT-Lab,22.0,49.8
00:0f:00:70:91:0a,2020-07-12 00:16:11.706943989,IoT-Lab,19.5,75.19999694824219
b8:27:eb:bf:9d:51,2020-07-12 00:16:12.657370329,IoT-Lab,22.0,49.8
b8:27:eb:bf:9d:51,2020-07-12 00:16:16.343165636,IoT-Lab,22.0,49.9
1c:bf:ce:15:ec:4d,2020-07-12 00:16:17.996057034,IoT-Lab,27.0,77.9000015258789
00:0f:00:70:91:0a,2020-07-12 00:16:18.206860304,IoT-Lab,19.5,75.0
b8:27:eb:bf:9d:51,2020-07-12 00:16:20.029010296,IoT-Lab,22.0,50.1
b8:27:eb:bf:9d:51,2020-07-12 00:16:23.691726685,IoT-Lab,22.1,50.2
00:0f:00:70:91:0a,2020-07-12 00:16:26.320317268,IoT-Lab,19.5,75.0999984741211
b8:27:eb:bf:9d:51,2020-07-12 00:16:27.379077673,IoT-Lab,22.0,50.2
1c:bf:ce:15:ec:4d,2020-07-12 00:16:27.691514492,IoT-Lab,27.0,77.9000015258789
b8:27:eb:bf:9d:51,2020-07-12 00:16:31.065072298,IoT-Lab,22.0,50.3
00:0f:00:70:91:0a,2020-07-12 00:16:31.207945108,IoT-Lab,19.5,75.0999984741211
1c:bf:ce:15:ec:4d,2020-07-12 00:16:33.635110855,IoT-Lab,27.0,77.9000015258789
b8:27:eb:bf:9d:51,2020-07-12 00:16:34.750996828,IoT-Lab,22.0,50.4
00:0f:00:70:91:0a,2020-07-12 00:16:35.568793535,IoT-Lab,19.5,75.0999984741211
b8:27:eb:bf:9d:51,2020-07-12 00:16:38.436960459,IoT-Lab,22.0,50.4
1c:bf:ce:15:ec:4d,2020-07-12 00:16:39.586643219,IoT-Lab,27.0,77.9000015258789
00:0f:00:70:91:0a,2020-07-12 00:16:40.457407951,IoT-Lab,19.5,75.19999694824219
b8:27:eb:bf:9d:51,2020-07-12 00:16:42.122830153,IoT-Lab,22.0,50.5
1c:bf:ce:15:ec:4d,2020-07-12 00:16:43.930318832,IoT-Lab,27.0,78.0
b8:27:eb:bf:9d:51,2020-07-12 00:16:45.808734894,IoT-Lab,22.0,50.7
00:0f:00:70:91:0a,2020-07-12 00:16:48.028302908,IoT-Lab,19.5,75.30000305175781
b8:27:eb:bf:9d:51,2020-07-12 00:16:49.494610786,IoT-Lab,22.0,50.8
1c:bf:ce:15:ec:4d,2020-07-12 00:16:49.878157139,IoT-Lab,27.0,78.0
00:0f:00:70:91:0a,2020-07-12 00:16:52.379522562,IoT-Lab,19.5,75.4000015258789
b8:27:eb:bf:9d:51,2020-07-12 00:16:53.180630207,IoT-Lab,22.1,50.9
1c:bf:ce:15:ec:4d,2020-07-12 00:16:54.755621195,IoT-Lab,27.0,78.0999984741211
b8:27:eb:bf:9d:51,2020-07-12 00:16:56.866883039,IoT-Lab,22.1,50.8
00:0f:00:70:91:0a,2020-07-12 00:16:59.960511446,IoT-Lab,19.5,75.4000015258789
b8:27:eb:bf:9d:51,2020-07-12 00:17:00.552846432,IoT-Lab,22.1,50.8
1c:bf:ce:15:ec:4d,2020-07-12 00:17:01.236621141,IoT-Lab,27.0,78.0999984741211
b8:27:eb:bf:9d:51,2020-07-12 00:17:04.238832712,IoT-Lab,22.1,50.7
1c:bf:ce:15:ec:4d,2020-07-12 00:17:05.588001490,IoT-Lab,27.0,78.0999984741211
00:0f:00:70:91:0a,2020-07-12 00:17:07.529627085,IoT-Lab,19.5,75.4000015258789
b8:27:eb:bf:9d:51,2020-07-12 00:17:07.924778700,IoT-Lab,22.1,50.7
1c:bf:ce:15:ec:4d,2020-07-12 00:17:09.934797287,IoT-Lab,27.100000381469727,78.19999694824219
b8:27:eb:bf:9d:51,2020-07-12 00:17:11.610676050,IoT-Lab,22.1,50.6
00:0f:00:70:91:0a,2020-07-12 00:17:14.582298517,IoT-Lab,19.5,75.4000015258789
b8:27:eb:bf:9d:51,2020-07-12 00:17:15.296648502,IoT-Lab,22.1,50.6
1c:bf:ce:15:ec:4d,2020-07-12 00:17:15.878773928,IoT-Lab,27.0,78.0999984741211
b8:27:eb:bf:9d:51,2020-07-12 00:17:18.982640028,IoT-Lab,22.1,50.6
00:0f:00:70:91:0a,2020-07-12 00:17:20.006838322,IoT-Lab,19.5,75.4000015258789
b8:27:eb:bf:9d:51,2020-07-12 00:17:22.668725014,IoT-Lab,22.1,50.5
1c:bf:ce:15:ec:4d,2020-07-12 00:17:23.965451002,IoT-Lab,27.0,78.0
b8:27:eb:bf:9d:51,2020-07-12 00:17:26.354693174,IoT-Lab,22.1,50.5
1c:bf:ce:15:ec:4d,2020-07-12 00:17:28.309037924,IoT-Lab,27.0,78.0999984741211
b8:27:eb:bf:9d:51,2020-07-12 00:17:30.040725708,IoT-Lab,22.1,50.5
1c:bf:ce:15:ec:4d,2020-07-12 00:17:32.651855707,IoT-Lab,27.0,78.0999984741211
b8:27:eb:bf:9d:51,2020-07-12 00:17:33.726743698,IoT-Lab,22.1,50.5
00:0f:00:70:91:0a,2020-07-12 00:17:35.910638094,IoT-Lab,19.5,75.19999694824219
b8:27:eb:bf:9d:51,2020-07-12 00:17:37.412932634,IoT-Lab,22.1,50.5
b8:27:eb:bf:9d:51,2020-07-12 00:17:41.099082947,IoT-Lab,22.1,50.6
1c:bf:ce:15:ec:4d,2020-07-12 00:17:43.411744833,IoT-Lab,27.0,78.0999984741211
b8:27:eb:bf:9d:51,2020-07-12 00:17:44.785516739,IoT-Lab,22.1,50.6
1c:bf:ce:15:ec:4d,2020-07-12 00:17:48.286101818,IoT-Lab,27.0,78.30000305175781
b8:27:eb:bf:9d:51,2020-07-12 00:17:48.471630335,IoT-Lab,22.1,50.6
00:0f:00:70:91:0a,2020-07-12 00:17:49.140422106,IoT-Lab,19.5,75.0999984741211
b8:27:eb:bf:9d:51,2020-07-12 00:17:52.157534838,IoT-Lab,22.1,50.7
00:0f:00:70:91:0a,2020-07-12 00:17:54.026531696,IoT-Lab,19.5,75.0999984741211
1c:bf:ce:15:ec:4d,2020-07-12 00:17:54.226435900,IoT-Lab,27.0,78.30000305175781
b8:27:eb:bf:9d:51,2020-07-12 00:17:55.843293667,IoT-Lab,22.2,50.7
00:0f:00:70:91:0a,2020-07-12 00:17:58.381943226,IoT-Lab,19.5,75.0999984741211
b8:27:eb:bf:9d:51,2020-07-12 00:17:59.529052733,IoT-Lab,22.1,50.7
1c:bf:ce:15:ec:4d,2020-07-12 00:17:59.640219450,IoT-Lab,27.0,78.30000305175781
00:0f:00:70:91:0a,2020-07-12 00:18:02.732848883,IoT-Lab,19.5,62.29999923706055
b8:27:eb:bf:9d:51,2020-07-12 00:18:03.215401649,IoT-Lab,22.2,50.7
1c:bf:ce:15:ec:4d,2020-07-12 00:18:04.518368721,IoT-Lab,27.0,78.30000305175781
00:0f:00:70:91:0a,2020-07-12 00:18:06.548278093,IoT-Lab,19.5,75.0999984741211
b8:27:eb:bf:9d:51,2020-07-12 00:18:06.901594162,IoT-Lab,22.2,50.7
00:0f:00:70:91:0a,2020-07-12 00:18:10.373789310,IoT-Lab,19.5,75.19999694824219
b8:27:eb:bf:9d:51,2020-07-12 00:18:10.587488413,IoT-Lab,22.2,50.6
1c:bf:ce:15:ec:4d,2020-07-12 00:18:10.996622562,IoT-Lab,27.0,78.19999694824219
b8:27:eb:bf:9d:51,2020-07-12 00:18:14.273334980,IoT-Lab,22.2,50.6
00:0f:00:70:91:0a,2020-07-12 00:18:16.870111704,IoT-Lab,19.5,75.19999694824219
1c:bf:ce:15:ec:4d,2020-07-12 00:18:17.475506306,IoT-Lab,27.0,78.0999984741211
b8:27:eb:bf:9d:51,2020-07-12 00:18:17.958162308,IoT-Lab,22.2,50.5
b8:27:eb:bf:9d:51,2020-07-12 00:18:21.643179178,IoT-Lab,22.2,50.4
00:0f:00:70:91:0a,2020-07-12 00:18:21.757445812,IoT-Lab,19.5,75.30000305175781
b8:27:eb:bf:9d:51,2020-07-12 00:18:25.328934908,IoT-Lab,22.2,50.3
1c:bf:ce:15:ec:4d,2020-07-12 00:18:26.090000153,IoT-Lab,27.0,78.0
00:0f:00:70:91:0a,2020-07-12 00:18:27.188494921,IoT-Lab,19.5,75.30000305175781
b8:27:eb:bf:9d:51,2020-07-12 00:18:29.014948368,IoT-Lab,22.2,50.3
1c:bf:ce:15:ec:4d,2020-07-12 00:18:31.506089926,IoT-Lab,27.0,77.9000015258789
b8:27:eb:bf:9d:51,2020-07-12 00:18:32.700778484,IoT-Lab,22.2,50.2
00:0f:00:70:91:0a,2020-07-12 00:18:34.759957790,IoT-Lab,19.5,75.30000305175781
b8:27:eb:bf:9d:51,2020-07-12 00:18:36.386736631,IoT-Lab,22.2,50.2
1c:bf:ce:15:ec:4d,2020-07-12 00:18:36.918181896,IoT-Lab,27.0,78.0999984741211
b8:27:eb:bf:9d:51,2020-07-12 00:18:40.071801186,IoT-Lab,22.2,50.3
1c:bf:ce:15:ec:4d,2020-07-12 00:18:40.731002092,IoT-Lab,27.0,77.9000015258789
b8:27:eb:bf:9d:51,2020-07-12 00:18:43.758039951,IoT-Lab,22.3,50.4
1c:bf:ce:15:ec:4d,2020-07-12 00:18:45.611122608,IoT-Lab,27.0,77.9000015258789
b8:27:eb:bf:9d:51,2020-07-12 00:18:47.444355011,IoT-Lab,22.2,50.4
1c:bf:ce:15:ec:4d,2020-07-12 00:18:49.421225309,IoT-Lab,27.0,77.9000015258789
b8:27:eb:bf:9d:51,2020-07-12 00:18:51.130165577,IoT-Lab,22.2,50.5
00:0f:00:70:91:0a,2020-07-12 00:18:52.813733578,IoT-Lab,19.5,75.0999984741211
1c:bf:ce:15:ec:4d,2020-07-12 00:18:53.228225231,IoT-Lab,27.0,78.0
b8:27:eb:bf:9d:51,2020-07-12 00:18:54.816202641,IoT-Lab,22.2,50.7
b8:27:eb:bf:9d:51,2020-07-12 00:18:58.502342462,IoT-Lab,22.2,51.0
00:0f:00:70:91:0a,2020-07-12 00:18:58.771055698,IoT-Lab,19.5,75.0999984741211
b8:27:eb:bf:9d:51,2020-07-12 00:19:02.188405991,IoT-Lab,22.2,51.1
1c:bf:ce:15:ec:4d,2020-07-12 00:19:03.501060486,IoT-Lab,27.0,78.0
00:0f:00:70:91:0a,2020-07-12 00:19:04.197879553,IoT-Lab,19.5,75.19999694824219
b8:27:eb:bf:9d:51,2020-07-12 00:19:05.862821102,IoT-Lab,22.2,51.2
b8:27:eb:bf:9d:51,2020-07-12 00:19:09.550263405,IoT-Lab,22.2,51.3
1c:bf:ce:15:ec:4d,2020-07-12 00:19:11.588152885,IoT-Lab,27.0,77.9000015258789
b8:27:eb:bf:9d:51,2020-07-12 00:19:13.237790108,IoT-Lab,22.2,51.4
00:0f:00:70:91:0a,2020-07-12 00:19:14.499762774,IoT-Lab,19.5,75.30000305175781
1c:bf:ce:15:ec:4d,2020-07-12 00:19:16.466424465,IoT-Lab,27.0,77.9000015258789
b8:27:eb:bf:9d:51,2020-07-12 00:19:16.925497532,IoT-Lab,22.2,51.4
00:0f:00:70:91:0a,2020-07-12 00:19:19.388928890,IoT-Lab,19.5,75.30000305175781
b8:27:eb:bf:9d:51,2020-07-12 00:19:20.611364365,IoT-Lab,22.2,51.4
00:0f:00:70:91:0a,2020-07-12 00:19:23.743071556,IoT-Lab,19.5,75.4000015258789
b8:27:eb:bf:9d:51,2020-07-12 00:19:24.297518730,IoT-Lab,22.2,51.3
1c:bf:ce:15:ec:4d,2020-07-12 00:19:26.170029163,IoT-Lab,27.0,77.9000015258789
b8:27:eb:bf:9d:51,2020-07-12 00:19:27.982452154,IoT-Lab,22.3,51.3
00:0f:00:70:91:0a,2020-07-12 00:19:29.167489052,IoT-Lab,19.5,75.4000015258789
1c:bf:ce:15:ec:4d,2020-07-12 00:19:29.976248980,IoT-Lab,27.0,77.9000015258789
b8:27:eb:bf:9d:51,2020-07-12 00:19:31.668651819,IoT-Lab,22.3,51.2
00:0f:00:70:91:0a,2020-07-12 00:19:32.981494904,IoT-Lab,19.5,75.4000015258789
b8:27:eb:bf:9d:51,2020-07-12 00:19:35.356165648,IoT-Lab,22.3,51.2
1c:bf:ce:15:ec:4d,2020-07-12 00:19:37.536572456,IoT-Lab,27.0,77.9000015258789
00:0f:00:70:91:0a,2020-07-12 00:19:37.873996973,IoT-Lab,19.5,75.4000015258789
b8:27:eb:bf:9d:51,2020-07-12 00:19:39.042182207,IoT-Lab,22.3,51.1
1c:bf:ce:15:ec:4d,2020-07-12 00:19:41.346272945,IoT-Lab,27.0,78.0
b8:27:eb:bf:9d:51,2020-07-12 00:19:42.725507498,IoT-Lab,22.3,51.1
00:0f:00:70:91:0a,2020-07-12 00:19:44.370743990,IoT-Lab,19.5,75.4000015258789
1c:bf:ce:15:ec:4d,2020-07-12 00:19:46.220666409,IoT-Lab,27.0,78.0
b8:27:eb:bf:9d:51,2020-07-12 00:19:46.411295414,IoT-Lab,22.3,51.0
b8:27:eb:bf:9d:51,2020-07-12 00:19:50.097261667,IoT-Lab,22.3,50.9
1c:bf:ce:15:ec:4d,2020-07-12 00:19:51.096469641,IoT-Lab,27.0,77.9000015258789
00:0f:00:70:91:0a,2020-07-12 00:19:51.940181494,IoT-Lab,19.5,75.69999694824219
b8:27:eb:bf:9d:51,2020-07-12 00:19:53.783095598,IoT-Lab,22.3,50.8
b8:27:eb:bf:9d:51,2020-07-12 00:19:57.468930244,IoT-Lab,22.3,50.6
00:0f:00:70:91:0a,2020-07-12 00:19:58.992622614,IoT-Lab,19.5,75.4000015258789
b8:27:eb:bf:9d:51,2020-07-12 00:20:01.154892445,IoT-Lab,22.3,50.5
1c:bf:ce:15:ec:4d,2020-07-12 00:20:01.351015568,IoT-Lab,27.0,77.9000015258789
b8:27:eb:bf:9d:51,2020-07-12 00:20:04.841360092,IoT-Lab,22.3,50.5
1c:bf:ce:15:ec:4d,2020-07-12 00:20:05.154768229,IoT-Lab,27.0,77.19999694824219
00:0f:00:70:91:0a,2020-07-12 00:20:06.035743952,IoT-Lab,19.5,75.4000015258789
b8:27:eb:bf:9d:51,2020-07-12 00:20:08.452891111,IoT-Lab,22.3,50.5
1c:bf:ce:15:ec:4d,2020-07-12 00:20:09.495784044,IoT-Lab,27.0,77.9000015258789
00:0f:00:70:91:0a,2020-07-12 00:20:11.490868330,IoT-Lab,19.5,75.5
b8:27:eb:bf:9d:51,2020-07-12 00:20:12.140906572,IoT-Lab,22.3,50.5
b8:27:eb:bf:9d:51,2020-07-12 00:20:15.826686859,IoT-Lab,22.3,50.6
00:0f:00:70:91:0a,2020-07-12 00:20:15.842944622,IoT-Lab,19.5,75.5
b8:27:eb:bf:9d:51,2020-07-12 00:20:19.512516498,IoT-Lab,22.3,50.7
00:0f:00:70:91:0a,2020-07-12 00:20:22.341222286,IoT-Lab,19.5,75.5
b8:27:eb:bf:9d:51,2020-07-12 00:20:23.198410988,IoT-Lab,22.3,50.7
1c:bf:ce:15:ec:4d,2020-07-12 00:20:24.253395081,IoT-Lab,27.0,77.9000015258789
b8:27:eb:bf:9d:51,2020-07-12 00:20:26.883195639,IoT-Lab,22.3,50.8
1c:bf:ce:15:ec:4d,2020-07-12 00:20:30.199947596,IoT-Lab,27.0,77.9000015258789
b8:27:eb:bf:9d:51,2020-07-12 00:20:30.567445278,IoT-Lab,22.3,50.9
b8:27:eb:bf:9d:51,2020-07-12 00:20:34.253277540,IoT-Lab,22.3,50.9
00:0f:00:70:91:0a,2020-07-12 00:20:34.482165813,IoT-Lab,19.5,75.4000015258789
1c:bf:ce:15:ec:4d,2020-07-12 00:20:35.080722570,IoT-Lab,27.0,77.80000305175781
b8:27:eb:bf:9d:51,2020-07-12 00:20:37.939201117,IoT-Lab,22.3,50.8
1c:bf:ce:15:ec:4d,2020-07-12 00:20:38.891711712,IoT-Lab,27.0,77.80000305175781
00:0f:00:70:91:0a,2020-07-12 00:20:39.368761063,IoT-Lab,19.600000381469727,75.5
b8:27:eb:bf:9d:51,2020-07-12 00:20:41.625053883,IoT-Lab,22.3,50.7
00:0f:00:70:91:0a,2020-07-12 00:20:43.719402790,IoT-Lab,19.600000381469727,75.5
1c:bf:ce:15:ec:4d,2020-07-12 00:20:44.838187218,IoT-Lab,27.0,78.19999694824219
b8:27:eb:bf:9d:51,2020-07-12 00:20:45.220714331,IoT-Lab,22.3,50.7
b8:27:eb:bf:9d:51,2020-07-12 00:20:48.918790102,IoT-Lab,22.3,50.6
00:0f:00:70:91:0a,2020-07-12 00:20:49.151435137,IoT-Lab,19.600000381469727,75.5
1c:bf:ce:15:ec:4d,2020-07-12 00:20:50.785219908,IoT-Lab,27.0,78.5999984741211
b8:27:eb:bf:9d:51,2020-07-12 00:20:52.606905699,IoT-Lab,22.3,50.6
00:0f:00:70:91:0a,2020-07-12 00:20:52.968419790,IoT-Lab,19.5,75.5
b8:27:eb:bf:9d:51,2020-07-12 00:20:56.294416904,IoT-Lab,22.3,50.6
1c:bf:ce:15:ec:4d,2020-07-12 00:20:56.732316494,IoT-Lab,27.0,78.5999984741211
00:0f:00:70:91:0a,2020-07-12 00:20:57.319819689,IoT-Lab,19.5,75.5
b8:27:eb:bf:9d:51,2020-07-12 00:20:59.982374907,IoT-Lab,22.4,50.6
b8:27:eb:bf:9d:51,2020-07-12 00:21:03.668967009,IoT-Lab,22.3,50.6
1c:bf:ce:15:ec:4d,2020-07-12 00:21:03.812212706,IoT-Lab,27.0,78.80000305175781
00:0f:00:70:91:0a,2020-07-12 00:21:05.970345259,IoT-Lab,19.5,75.5
b8:27:eb:bf:9d:51,2020-07-12 00:21:07.355154991,IoT-Lab,22.4,50.6
1c:bf:ce:15:ec:4d,2020-07-12 00:21:07.626932859,IoT-Lab,27.0,78.80000305175781
b8:27:eb:bf:9d:51,2020-07-12 00:21:11.041718960,IoT-Lab,22.4,50.7
1c:bf:ce:15:ec:4d,2020-07-12 00:21:12.504496813,IoT-Lab,27.0,79.0
00:0f:00:70:91:0a,2020-07-12 00:21:14.638377428,IoT-Lab,19.600000381469727,75.5999984741211
b8:27:eb:bf:9d:51,2020-07-12 00:21:14.727637529,IoT-Lab,22.3,50.6
b8:27:eb:bf:9d:51,2020-07-12 00:21:18.413500071,IoT-Lab,22.4,50.7
1c:bf:ce:15:ec:4d,2020-07-12 00:21:18.986891031,IoT-Lab,27.0,79.0
00:0f:00:70:91:0a,2020-07-12 00:21:19.526360034,IoT-Lab,19.600000381469727,75.69999694824219
b8:27:eb:bf:9d:51,2020-07-12 00:21:22.098613977,IoT-Lab,22.4,50.7
1c:bf:ce:15:ec:4d,2020-07-12 00:21:23.328345537,IoT-Lab,27.0,78.5
00:0f:00:70:91:0a,2020-07-12 00:21:24.955339670,IoT-Lab,19.600000381469727,75.5999984741211
b8:27:eb:bf:9d:51,2020-07-12 00:21:25.784413099,IoT-Lab,22.4,50.7
1c:bf:ce:15:ec:4d,2020-07-12 00:21:27.669258833,IoT-Lab,27.0,78.30000305175781
b8:27:eb:bf:9d:51,2020-07-12 00:21:29.470425606,IoT-Lab,22.4,50.7
00:0f:00:70:91:0a,2020-07-12 00:21:33.088685036,IoT-Lab,19.5,75.5
b8:27:eb:bf:9d:51,2020-07-12 00:21:33.156318426,IoT-Lab,22.4,50.8
1c:bf:ce:15:ec:4d,2020-07-12 00:21:36.281270504,IoT-Lab,27.0,78.19999694824219
b8:27:eb:bf:9d:51,2020-07-12 00:21:36.842068911,IoT-Lab,22.4,50.8
00:0f:00:70:91:0a,2020-07-12 00:21:38.512142181,IoT-Lab,19.600000381469727,75.5999984741211
1c:bf:ce:15:ec:4d,2020-07-12 00:21:40.089312792,IoT-Lab,27.0,78.19999694824219
b8:27:eb:bf:9d:51,2020-07-12 00:21:40.527337313,IoT-Lab,22.4,50.8
00:0f:00:70:91:0a,2020-07-12 00:21:42.866181374,IoT-Lab,19.600000381469727,75.5999984741211
b8:27:eb:bf:9d:51,2020-07-12 00:21:44.213431597,IoT-Lab,22.3,50.8
1c:bf:ce:15:ec:4d,2020-07-12 00:21:44.967983246,IoT-Lab,27.0,78.0999984741211
00:0f:00:70:91:0a,2020-07-12 00:21:46.684021711,IoT-Lab,19.600000381469727,75.5999984741211
b8:27:eb:bf:9d:51,2020-07-12 00:21:47.899203539,IoT-Lab,22.4,50.9
1c:bf:ce:15:ec:4d,2020-07-12 00:21:48.776139259,IoT-Lab,27.0,78.0999984741211
00:0f:00:70:91:0a,2020-07-12 00:21:50.497447491,IoT-Lab,19.600000381469727,75.5999984741211
b8:27:eb:bf:9d:51,2020-07-12 00:21:51.585088015,IoT-Lab,22.4,51.0
1c:bf:ce:15:ec:4d,2020-07-12 00:21:52.585609913,IoT-Lab,27.0,78.0999984741211
b8:27:eb:bf:9d:51,2020-07-12 00:21:55.270913124,IoT-Lab,22.4,51.0
00:0f:00:70:91:0a,2020-07-12 00:21:55.927925825,IoT-Lab,19.600000381469727,75.69999694824219
1c:bf:ce:15:ec:4d,2020-07-12 00:21:56.929709911,IoT-Lab,27.0,78.0
b8:27:eb:bf:9d:51,2020-07-12 00:21:58.957439661,IoT-Lab,22.4,51.0
b8:27:eb:bf:9d:51,2020-07-12 00:22:02.643071890,IoT-Lab,22.4,51.1
00:0f:00:70:91:0a,2020-07-12 00:22:04.048926115,IoT-Lab,19.600000381469727,75.80000305175781
b8:27:eb:bf:9d:51,2020-07-12 00:22:06.328794718,IoT-Lab,22.4,51.1
1c:bf:ce:15:ec:4d,2020-07-12 00:22:06.708528757,IoT-Lab,27.0,77.9000015258789
b8:27:eb:bf:9d:51,2020-07-12 00:22:10.014514685,IoT-Lab,22.4,51.1
1c:bf:ce:15:ec:4d,2020-07-12 00:22:12.663831949,IoT-Lab,27.0,77.9000015258789
00:0f:00:70:91:0a,2020-07-12 00:22:12.768530846,IoT-Lab,19.600000381469727,75.80000305175781
b8:27:eb:bf:9d:51,2020-07-12 00:22:13.699489117,IoT-Lab,22.4,51.1
b8:27:eb:bf:9d:51,2020-07-12 00:22:17.384677649,IoT-Lab,22.4,51.1
00:0f:00:70:91:0a,2020-07-12 00:22:17.655544043,IoT-Lab,19.600000381469727,75.80000305175781
b8:27:eb:bf:9d:51,2020-07-12 00:22:21.069490433,IoT-Lab,22.4,51.1
00:0f:00:70:91:0a,2020-07-12 00:22:22.017543793,IoT-Lab,19.600000381469727,75.80000305175781
1c:bf:ce:15:ec:4d,2020-07-12 00:22:22.350061178,IoT-Lab,27.0,77.9000015258789
b8:27:eb:bf:9d:51,2020-07-12 00:22:24.755163670,IoT-Lab,22.4,51.1
1c:bf:ce:15:ec:4d,2020-07-12 00:22:28.292689562,IoT-Lab,27.0,77.9000015258789
b8:27:eb:bf:9d:51,2020-07-12 00:22:28.438939810,IoT-Lab,22.4,51.1
00:0f:00:70:91:0a,2020-07-12 00:22:29.051389694,IoT-Lab,19.600000381469727,74.30000305175781
b8:27:eb:bf:9d:51,2020-07-12 00:22:32.124718189,IoT-Lab,22.4,51.0
1c:bf:ce:15:ec:4d,2020-07-12 00:22:33.168152094,IoT-Lab,27.0,77.80000305175781
00:0f:00:70:91:0a,2020-07-12 00:22:34.477730513,IoT-Lab,19.600000381469727,75.9000015258789
b8:27:eb:bf:9d:51,2020-07-12 00:22:35.809617758,IoT-Lab,22.4,51.0
1c:bf:ce:15:ec:4d,2020-07-12 00:22:37.508741617,IoT-Lab,27.0,77.80000305175781
b8:27:eb:bf:9d:51,2020-07-12 00:22:39.497005701,IoT-Lab,22.4,50.9
00:0f:00:70:91:0a,2020-07-12 00:22:39.900595188,IoT-Lab,19.600000381469727,76.0
1c:bf:ce:15:ec:4d,2020-07-12 00:22:41.315776587,IoT-Lab,27.0,77.80000305175781
b8:27:eb:bf:9d:51,2020-07-12 00:22:43.182919979,IoT-Lab,22.4,51.0
1c:bf:ce:15:ec:4d,2020-07-12 00:22:45.124429226,IoT-Lab,26.899999618530273,77.69999694824219
b8:27:eb:bf:9d:51,2020-07-12 00:22:46.868652105,IoT-Lab,22.4,50.9
00:0f:00:70:91:0a,2020-07-12 00:22:47.481679678,IoT-Lab,19.600000381469727,76.0
b8:27:eb:bf:9d:51,2020-07-12 00:22:50.554457188,IoT-Lab,22.4,50.9
1c:bf:ce:15:ec:4d,2020-07-12 00:22:52.674336433,IoT-Lab,27.0,78.30000305175781
00:0f:00:70:91:0a,2020-07-12 00:22:52.912201405,IoT-Lab,19.5,75.80000305175781
b8:27:eb:bf:9d:51,2020-07-12 00:22:54.240174055,IoT-Lab,22.4,50.9
1c:bf:ce:15:ec:4d,2020-07-12 00:22:57.016206025,IoT-Lab,27.0,77.9000015258789
00:0f:00:70:91:0a,2020-07-12 00:22:57.270792484,IoT-Lab,19.600000381469727,75.9000015258789
b8:27:eb:bf:9d:51,2020-07-12 00:22:57.925132513,IoT-Lab,22.4,50.9
b8:27:eb:bf:9d:51,2020-07-12 00:23:01.870750189,IoT-Lab,22.4,50.9
00:0f:00:70:91:0a,2020-07-12 00:23:03.769876480,IoT-Lab,19.600000381469727,75.9000015258789
b8:27:eb:bf:9d:51,2020-07-12 00:23:05.556887388,IoT-Lab,22.4,50.9
1c:bf:ce:15:ec:4d,2020-07-12 00:23:05.647737026,IoT-Lab,27.0,77.80000305175781
b8:27:eb:bf:9d:51,2020-07-12 00:23:09.241686821,IoT-Lab,22.4,50.8
1c:bf:ce:15:ec:4d,2020-07-12 00:23:11.059439659,IoT-Lab,27.0,77.69999694824219
b8:27:eb:bf:9d:51,2020-07-12 00:23:12.927471638,IoT-Lab,22.4,50.8
00:0f:00:70:91:0a,2020-07-12 00:23:13.520350455,IoT-Lab,19.600000381469727,75.80000305175781
b8:27:eb:bf:9d:51,2020-07-12 00:23:16.611308098,IoT-Lab,22.4,50.8
00:0f:00:70:91:0a,2020-07-12 00:23:18.945707560,IoT-Lab,19.600000381469727,75.80000305175781
b8:27:eb:bf:9d:51,2020-07-12 00:23:20.296142340,IoT-Lab,22.4,50.8
1c:bf:ce:15:ec:4d,2020-07-12 00:23:21.820380926,IoT-Lab,27.0,77.69999694824219
b8:27:eb:bf:9d:51,2020-07-12 00:23:23.981917620,IoT-Lab,22.4,50.9
00:0f:00:70:91:0a,2020-07-12 00:23:26.521612643,IoT-Lab,19.600000381469727,75.80000305175781
b8:27:eb:bf:9d:51,2020-07-12 00:23:27.667554379,IoT-Lab,22.5,51.0
1c:bf:ce:15:ec:4d,2020-07-12 00:23:29.368751526,IoT-Lab,27.0,77.69999694824219
b8:27:eb:bf:9d:51,2020-07-12 00:23:31.353201628,IoT-Lab,22.4,51.0
00:0f:00:70:91:0a,2020-07-12 00:23:31.945383072,IoT-Lab,19.600000381469727,75.80000305175781
1c:bf:ce:15:ec:4d,2020-07-12 00:23:33.180476904,IoT-Lab,27.0,77.69999694824219
b8:27:eb:bf:9d:51,2020-07-12 00:23:35.039124727,IoT-Lab,22.4,51.0
1c:bf:ce:15:ec:4d,2020-07-12 00:23:38.059739828,IoT-Lab,27.0,77.80000305175781
b8:27:eb:bf:9d:51,2020-07-12 00:23:38.725013494,IoT-Lab,22.5,51.1
1c:bf:ce:15:ec:4d,2020-07-12 00:23:41.866636038,IoT-Lab,27.0,77.9000015258789
b8:27:eb:bf:9d:51,2020-07-12 00:23:42.410750628,IoT-Lab,22.4,51.1
00:0f:00:70:91:0a,2020-07-12 00:23:43.286918640,IoT-Lab,19.600000381469727,75.80000305175781
b8:27:eb:bf:9d:51,2020-07-12 00:23:46.064881802,IoT-Lab,22.4,51.1
00:0f:00:70:91:0a,2020-07-12 00:23:47.640045881,IoT-Lab,19.600000381469727,75.80000305175781
1c:bf:ce:15:ec:4d,2020-07-12 00:23:48.344196558,IoT-Lab,27.0,77.9000015258789
b8:27:eb:bf:9d:51,2020-07-12 00:23:49.754884005,IoT-Lab,22.4,51.1
00:0f:00:70:91:0a,2020-07-12 00:23:52.529306173,IoT-Lab,19.600000381469727,75.4000015258789
b8:27:eb:bf:9d:51,2020-07-12 00:23:53.387627125,IoT-Lab,22.5,51.2
1c:bf:ce:15:ec:4d,2020-07-12 00:23:56.441073179,IoT-Lab,27.0,77.80000305175781
b8:27:eb:bf:9d:51,2020-07-12 00:23:57.078546286,IoT-Lab,22.5,51.2
b8:27:eb:bf:9d:51,2020-07-12 00:24:00.764398336,IoT-Lab,22.5,51.2
1c:bf:ce:15:ec:4d,2020-07-12 00:24:00.797636509,IoT-Lab,27.0,77.80000305175781
b8:27:eb:bf:9d:51,2020-07-12 00:24:04.450392246,IoT-Lab,22.4,51.1
1c:bf:ce:15:ec:4d,2020-07-12 00:24:05.138028860,IoT-Lab,27.0,77.80000305175781
00:0f:00:70:91:0a,2020-07-12 00:24:05.211754322,IoT-Lab,19.600000381469727,75.80000305175781
b8:27:eb:bf:9d:51,2020-07-12 00:24:08.136274099,IoT-Lab,22.5,51.2
1c:bf:ce:15:ec:4d,2020-07-12 00:24:09.478949785,IoT-Lab,27.0,77.9000015258789
00:0f:00:70:91:0a,2020-07-12 00:24:10.670506239,IoT-Lab,19.600000381469727,75.80000305175781
b8:27:eb:bf:9d:51,2020-07-12 00:24:11.820040464,IoT-Lab,22.5,51.2
b8:27:eb:bf:9d:51,2020-07-12 00:24:15.470074177,IoT-Lab,22.5,51.1
00:0f:00:70:91:0a,2020-07-12 00:24:18.790849209,IoT-Lab,19.600000381469727,75.80000305175781
b8:27:eb:bf:9d:51,2020-07-12 00:24:19.160666466,IoT-Lab,22.5,51.1
1c:bf:ce:15:ec:4d,2020-07-12 00:24:20.248784065,IoT-Lab,26.899999618530273,78.0
b8:27:eb:bf:9d:51,2020-07-12 00:24:22.846888781,IoT-Lab,22.5,51.1
00:0f:00:70:91:0a,2020-07-12 00:24:23.149490118,IoT-Lab,19.600000381469727,75.80000305175781
1c:bf:ce:15:ec:4d,2020-07-12 00:24:24.056842566,IoT-Lab,27.0,78.0
b8:27:eb:bf:9d:51,2020-07-12 00:24:26.533319235,IoT-Lab,22.5,51.1
00:0f:00:70:91:0a,2020-07-12 00:24:28.577588797,IoT-Lab,19.600000381469727,75.80000305175781
b8:27:eb:bf:9d:51,2020-07-12 00:24:30.219259501,IoT-Lab,22.5,51.1
1c:bf:ce:15:ec:4d,2020-07-12 00:24:30.537102699,IoT-Lab,27.0,78.19999694824219
00:0f:00:70:91:0a,2020-07-12 00:24:32.930033445,IoT-Lab,19.600000381469727,75.80000305175781
b8:27:eb:bf:9d:51,2020-07-12 00:24:33.905073881,IoT-Lab,22.5,51.1
1c:bf:ce:15:ec:4d,2020-07-12 00:24:34.879462004,IoT-Lab,27.0,78.30000305175781
00:0f:00:70:91:0a,2020-07-12 00:24:36.742568016,IoT-Lab,19.600000381469727,75.9000015258789
b8:27:eb:bf:9d:51,2020-07-12 00:24:37.590363503,IoT-Lab,22.5,51.2
1c:bf:ce:15:ec:4d,2020-07-12 00:24:38.694432974,IoT-Lab,27.0,78.30000305175781
b8:27:eb:bf:9d:51,2020-07-12 00:24:41.276623249,IoT-Lab,22.5,51.2
00:0f:00:70:91:0a,2020-07-12 00:24:43.239405155,IoT-Lab,19.600000381469727,75.80000305175781
b8:27:eb:bf:9d:51,2020-07-12 00:24:44.964112759,IoT-Lab,22.5,51.2
1c:bf:ce:15:ec:4d,2020-07-12 00:24:45.176560640,IoT-Lab,27.0,78.80000305175781
00:0f:00:70:91:0a,2020-07-12 00:24:47.063103199,IoT-Lab,19.600000381469727,75.9000015258789
b8:27:eb:bf:9d:51,2020-07-12 00:24:48.649978638,IoT-Lab,22.5,50.2
00:0f:00:70:91:0a,2020-07-12 00:24:51.416781902,IoT-Lab,19.600000381469727,75.9000015258789
1c:bf:ce:15:ec:4d,2020-07-12 00:24:51.654053211,IoT-Lab,26.899999618530273,78.4000015258789
b8:27:eb:bf:9d:51,2020-07-12 00:24:52.335235834,IoT-Lab,22.5,51.2
b8:27:eb:bf:9d:51,2020-07-12 00:24:56.022285223,IoT-Lab,22.5,51.2
1c:bf:ce:15:ec:4d,2020-07-12 00:24:56.531116247,IoT-Lab,27.0,78.30000305175781
00:0f:00:70:91:0a,2020-07-12 00:24:56.846415281,IoT-Lab,19.600000381469727,75.9000015258789
b8:27:eb:bf:9d:51,2020-07-12 00:24:59.714099646,IoT-Lab,22.5,51.2
1c:bf:ce:15:ec:4d,2020-07-12 00:25:03.060534239,IoT-Lab,27.0,78.0999984741211
b8:27:eb:bf:9d:51,2020-07-12 00:25:03.401727915,IoT-Lab,22.5,51.2
b8:27:eb:bf:9d:51,2020-07-12 00:25:07.089963675,IoT-Lab,22.5,51.1
1c:bf:ce:15:ec:4d,2020-07-12 00:25:10.076404333,IoT-Lab,27.0,78.0999984741211
b8:27:eb:bf:9d:51,2020-07-12 00:25:10.777639627,IoT-Lab,22.5,51.2
00:0f:00:70:91:0a,2020-07-12 00:25:12.780088425,IoT-Lab,19.600000381469727,75.80000305175781
b8:27:eb:bf:9d:51,2020-07-12 00:25:14.465052843,IoT-Lab,22.5,51.2
1c:bf:ce:15:ec:4d,2020-07-12 00:25:16.021892309,IoT-Lab,26.899999618530273,78.0
b8:27:eb:bf:9d:51,2020-07-12 00:25:18.152979612,IoT-Lab,22.5,51.1
00:0f:00:70:91:0a,2020-07-12 00:25:18.208946466,IoT-Lab,19.600000381469727,75.80000305175781
b8:27:eb:bf:9d:51,2020-07-12 00:25:21.840298891,IoT-Lab,22.5,51.1
00:0f:00:70:91:0a,2020-07-12 00:25:24.177498341,IoT-Lab,19.600000381469727,76.0
1c:bf:ce:15:ec:4d,2020-07-12 00:25:25.176594496,IoT-Lab,27.0,77.9000015258789
b8:27:eb:bf:9d:51,2020-07-12 00:25:25.525765418,IoT-Lab,22.5,51.1
00:0f:00:70:91:0a,2020-07-12 00:25:28.533015251,IoT-Lab,19.600000381469727,75.80000305175781
b8:27:eb:bf:9d:51,2020-07-12 00:25:29.211890459,IoT-Lab,22.5,51.1
1c:bf:ce:15:ec:4d,2020-07-12 00:25:29.524516344,IoT-Lab,27.0,78.0
00:0f:00:70:91:0a,2020-07-12 00:25:32.347141027,IoT-Lab,19.600000381469727,76.0
b8:27:eb:bf:9d:51,2020-07-12 00:25:32.899266958,IoT-Lab,22.5,51.1
1c:bf:ce:15:ec:4d,2020-07-12 00:25:34.932866096,IoT-Lab,26.899999618530273,78.0999984741211
b8:27:eb:bf:9d:51,2020-07-12 00:25:36.584630489,IoT-Lab,22.5,51.1
00:0f:00:70:91:0a,2020-07-12 00:25:37.777519226,IoT-Lab,19.600000381469727,75.80000305175781
b8:27:eb:bf:9d:51,2020-07-12 00:25:40.271306515,IoT-Lab,22.5,51.1
b8:27:eb:bf:9d:51,2020-07-12 00:25:43.958254099,IoT-Lab,22.5,51.1
00:0f:00:70:91:0a,2020-07-12 00:25:44.812879562,IoT-Lab,19.600000381469727,75.80000305175781
1c:bf:ce:15:ec:4d,2020-07-12 00:25:47.019389629,IoT-Lab,27.0,78.19999694824219
b8:27:eb:bf:9d:51,2020-07-12 00:25:47.644578934,IoT-Lab,22.5,51.1
b8:27:eb:bf:9d:51,2020-07-12 00:25:51.332104445,IoT-Lab,22.5,51.1
00:0f:00:70:91:0a,2020-07-12 00:25:52.387984514,IoT-Lab,19.600000381469727,75.80000305175781
1c:bf:ce:15:ec:4d,2020-07-12 00:25:52.433279276,IoT-Lab,27.0,78.30000305175781
b8:27:eb:bf:9d:51,2020-07-12 00:25:55.019741535,IoT-Lab,22.5,51.1
1c:bf:ce:15:ec:4d,2020-07-12 00:25:56.243688822,IoT-Lab,27.0,78.30000305175781
00:0f:00:70:91:0a,2020-07-12 00:25:56.750504494,IoT-Lab,19.600000381469727,76.0
b8:27:eb:bf:9d:51,2020-07-12 00:25:58.706842184,IoT-Lab,22.5,51.1
1c:bf:ce:15:ec:4d,2020-07-12 00:26:00.588191509,IoT-Lab,27.0,78.19999694824219
b8:27:eb:bf:9d:51,2020-07-12 00:26:02.394532919,IoT-Lab,22.5,51.1
00:0f:00:70:91:0a,2020-07-12 00:26:04.855541229,IoT-Lab,19.600000381469727,75.80000305175781
b8:27:eb:bf:9d:51,2020-07-12 00:26:06.081769228,IoT-Lab,22.5,51.2
1c:bf:ce:15:ec:4d,2020-07-12 00:26:06.546614885,IoT-Lab,26.899999618530273,78.0
b8:27:eb:bf:9d:51,2020-07-12 00:26:09.767579317,IoT-Lab,22.5,51.2
00:0f:00:70:91:0a,2020-07-12 00:26:12.984365702,IoT-Lab,19.600000381469727,75.80000305175781
1c:bf:ce:15:ec:4d,2020-07-12 00:26:13.029097557,IoT-Lab,27.0,77.9000015258789
b8:27:eb:bf:9d:51,2020-07-12 00:26:13.452159882,IoT-Lab,22.5,51.2
b8:27:eb:bf:9d:51,2020-07-12 00:26:17.139050722,IoT-Lab,22.5,51.2
00:0f:00:70:91:0a,2020-07-12 00:26:17.873300791,IoT-Lab,19.600000381469727,75.80000305175781
1c:bf:ce:15:ec:4d,2020-07-12 00:26:19.510875940,IoT-Lab,27.0,77.80000305175781
b8:27:eb:bf:9d:51,2020-07-12 00:26:20.837211847,IoT-Lab,22.5,51.1
b8:27:eb:bf:9d:51,2020-07-12 00:26:24.524680614,IoT-Lab,22.5,51.1
1c:bf:ce:15:ec:4d,2020-07-12 00:26:25.458770037,IoT-Lab,26.899999618530273,77.69999694824219
00:0f:00:70:91:0a,2020-07-12 00:26:27.070056438,IoT-Lab,19.600000381469727,75.80000305175781
b8:27:eb:bf:9d:51,2020-07-12 00:26:28.211912394,IoT-Lab,22.5,51.1
1c:bf:ce:15:ec:4d,2020-07-12 00:26:31.411748171,IoT-Lab,27.0,77.9000015258789
00:0f:00:70:91:0a,2020-07-12 00:26:31.422977924,IoT-Lab,19.600000381469727,75.80000305175781
b8:27:eb:bf:9d:51,2020-07-12 00:26:31.897922754,IoT-Lab,22.5,51.1
b8:27:eb:bf:9d:51,2020-07-12 00:26:35.512974501,IoT-Lab,22.5,51.1
1c:bf:ce:15:ec:4d,2020-07-12 00:26:35.754711628,IoT-Lab,26.899999618530273,77.80000305175781
00:0f:00:70:91:0a,2020-07-12 00:26:37.388933420,IoT-Lab,19.700000762939453,75.80000305175781
b8:27:eb:bf:9d:51,2020-07-12 00:26:39.202468634,IoT-Lab,22.5,51.1
1c:bf:ce:15:ec:4d,2020-07-12 00:26:42.788460732,IoT-Lab,27.0,77.9000015258789
b8:27:eb:bf:9d:51,2020-07-12 00:26:42.886403799,IoT-Lab,22.5,51.1
00:0f:00:70:91:0a,2020-07-12 00:26:43.352540970,IoT-Lab,19.600000381469727,75.69999694824219
b8:27:eb:bf:9d:51,2020-07-12 00:26:46.824412107,IoT-Lab,22.5,51.1
00:0f:00:70:91:0a,2020-07-12 00:26:47.711263418,IoT-Lab,6.800000190734863,63.0
b8:27:eb:bf:9d:51,2020-07-12 00:26:50.510694981,IoT-Lab,22.5,51.1
1c:bf:ce:15:ec:4d,2020-07-12 00:26:51.411471605,IoT-Lab,27.0,77.9000015258789
00:0f:00:70:91:0a,2020-07-12 00:26:53.139311314,IoT-Lab,19.600000381469727,75.80000305175781
b8:27:eb:bf:9d:51,2020-07-12 00:26:54.197323084,IoT-Lab,22.5,51.1
00:0f:00:70:91:0a,2020-07-12 00:26:57.491741896,IoT-Lab,19.600000381469727,76.0
b8:27:eb:bf:9d:51,2020-07-12 00:26:57.885394335,IoT-Lab,22.5,51.1
00:0f:00:70:91:0a,2020-07-12 00:27:01.307857037,IoT-Lab,19.600000381469727,75.9000015258789
b8:27:eb:bf:9d:51,2020-07-12 00:27:01.572982311,IoT-Lab,22.5,51.1
b8:27:eb:bf:9d:51,2020-07-12 00:27:05.261128187,IoT-Lab,22.5,51.1
1c:bf:ce:15:ec:4d,2020-07-12 00:27:06.739635706,IoT-Lab,27.0,77.69999694824219
00:0f:00:70:91:0a,2020-07-12 00:27:07.817873001,IoT-Lab,19.600000381469727,76.0
b8:27:eb:bf:9d:51,2020-07-12 00:27:08.949173689,IoT-Lab,22.5,51.1
1c:bf:ce:15:ec:4d,2020-07-12 00:27:10.548275709,IoT-Lab,27.0,77.69999694824219
00:0f:00:70:91:0a,2020-07-12 00:27:11.633159161,IoT-Lab,19.600000381469727,76.0
b8:27:eb:bf:9d:51,2020-07-12 00:27:12.636949539,IoT-Lab,22.5,51.1
1c:bf:ce:15:ec:4d,2020-07-12 00:27:14.886172295,IoT-Lab,27.0,77.69999694824219
b8:27:eb:bf:9d:51,2020-07-12 00:27:16.324614763,IoT-Lab,22.5,51.1
1c:bf:ce:15:ec:4d,2020-07-12 00:27:19.227431297,IoT-Lab,27.0,77.69999694824219
b8:27:eb:bf:9d:51,2020-07-12 00:27:20.012826920,IoT-Lab,22.5,51.1
b8:27:eb:bf:9d:51,2020-07-12 00:27:23.700175524,IoT-Lab,22.5,51.1
00:0f:00:70:91:0a,2020-07-12 00:27:23.777911425,IoT-Lab,19.600000381469727,75.9000015258789
1c:bf:ce:15:ec:4d,2020-07-12 00:27:24.640233755,IoT-Lab,27.0,77.69999694824219
b8:27:eb:bf:9d:51,2020-07-12 00:27:27.386250973,IoT-Lab,22.5,51.1
00:0f:00:70:91:0a,2020-07-12 00:27:28.672008753,IoT-Lab,19.600000381469727,75.9000015258789
1c:bf:ce:15:ec:4d,2020-07-12 00:27:30.583877087,IoT-Lab,27.0,77.69999694824219
b8:27:eb:bf:9d:51,2020-07-12 00:27:31.072167397,IoT-Lab,22.5,51.1
00:0f:00:70:91:0a,2020-07-12 00:27:33.561747313,IoT-Lab,19.700000762939453,76.0
b8:27:eb:bf:9d:51,2020-07-12 00:27:34.758303404,IoT-Lab,22.5,51.1
00:0f:00:70:91:0a,2020-07-12 00:27:37.914046288,IoT-Lab,19.600000381469727,76.30000305175781
b8:27:eb:bf:9d:51,2020-07-12 00:27:38.444429398,IoT-Lab,22.5,51.1
1c:bf:ce:15:ec:4d,2020-07-12 00:27:41.880656481,IoT-Lab,27.0,77.5999984741211
b8:27:eb:bf:9d:51,2020-07-12 00:27:42.130820513,IoT-Lab,22.5,51.1
00:0f:00:70:91:0a,2020-07-12 00:27:43.879683018,IoT-Lab,19.700000762939453,76.0999984741211
b8:27:eb:bf:9d:51,2020-07-12 00:27:45.818681717,IoT-Lab,22.5,51.1
1c:bf:ce:15:ec:4d,2020-07-12 00:27:46.754148960,IoT-Lab,27.0,77.5999984741211
00:0f:00:70:91:0a,2020-07-12 00:27:48.229531050,IoT-Lab,19.600000381469727,76.0
b8:27:eb:bf:9d:51,2020-07-12 00:27:49.506367445,IoT-Lab,22.6,51.1
00:0f:00:70:91:0a,2020-07-12 00:27:53.119747639,IoT-Lab,19.700000762939453,76.0999984741211
b8:27:eb:bf:9d:51,2020-07-12 00:27:53.194281816,IoT-Lab,22.6,51.1
1c:bf:ce:15:ec:4d,2020-07-12 00:27:54.301803112,IoT-Lab,27.0,77.5999984741211
b8:27:eb:bf:9d:51,2020-07-12 00:27:56.881834745,IoT-Lab,22.6,51.1
00:0f:00:70:91:0a,2020-07-12 00:27:57.470577717,IoT-Lab,19.600000381469727,76.0999984741211
1c:bf:ce:15:ec:4d,2020-07-12 00:28:00.242809296,IoT-Lab,26.899999618530273,77.5999984741211
b8:27:eb:bf:9d:51,2020-07-12 00:28:00.569651365,IoT-Lab,22.5,51.1
b8:27:eb:bf:9d:51,2020-07-12 00:28:04.257100105,IoT-Lab,22.5,51.0
00:0f:00:70:91:0a,2020-07-12 00:28:05.058142424,IoT-Lab,19.600000381469727,76.0999984741211
1c:bf:ce:15:ec:4d,2020-07-12 00:28:06.722454309,IoT-Lab,27.0,77.69999694824219
b8:27:eb:bf:9d:51,2020-07-12 00:28:07.942145824,IoT-Lab,22.5,51.0
1c:bf:ce:15:ec:4d,2020-07-12 00:28:10.530619621,IoT-Lab,27.0,77.69999694824219
b8:27:eb:bf:9d:51,2020-07-12 00:28:11.628045082,IoT-Lab,22.6,51.1
00:0f:00:70:91:0a,2020-07-12 00:28:13.738944054,IoT-Lab,19.700000762939453,76.19999694824219
b8:27:eb:bf:9d:51,2020-07-12 00:28:15.315739155,IoT-Lab,22.5,51.1
1c:bf:ce:15:ec:4d,2020-07-12 00:28:16.485456467,IoT-Lab,27.0,78.0
b8:27:eb:bf:9d:51,2020-07-12 00:28:19.003496885,IoT-Lab,22.5,51.1
1c:bf:ce:15:ec:4d,2020-07-12 00:28:20.827212095,IoT-Lab,27.0,78.0
b8:27:eb:bf:9d:51,2020-07-12 00:28:22.690807104,IoT-Lab,22.5,51.1
00:0f:00:70:91:0a,2020-07-12 00:28:23.458489180,IoT-Lab,19.700000762939453,76.0999984741211
b8:27:eb:bf:9d:51,2020-07-12 00:28:26.291735411,IoT-Lab,22.6,51.1
00:0f:00:70:91:0a,2020-07-12 00:28:28.348592997,IoT-Lab,19.700000762939453,76.0999984741211
b8:27:eb:bf:9d:51,2020-07-12 00:28:29.932955980,IoT-Lab,22.6,51.1
1c:bf:ce:15:ec:4d,2020-07-12 00:28:29.980455160,IoT-Lab,27.0,77.9000015258789
00:0f:00:70:91:0a,2020-07-12 00:28:33.238169909,IoT-Lab,19.600000381469727,76.0
b8:27:eb:bf:9d:51,2020-07-12 00:28:33.638155699,IoT-Lab,22.5,51.1
1c:bf:ce:15:ec:4d,2020-07-12 00:28:35.390904188,IoT-Lab,27.0,77.9000015258789
b8:27:eb:bf:9d:51,2020-07-12 00:28:37.325621605,IoT-Lab,22.6,51.1
00:0f:00:70:91:0a,2020-07-12 00:28:39.198147297,IoT-Lab,19.700000762939453,76.19999694824219
b8:27:eb:bf:9d:51,2020-07-12 00:28:41.013408184,IoT-Lab,22.6,51.1
1c:bf:ce:15:ec:4d,2020-07-12 00:28:42.413285494,IoT-Lab,27.0,77.80000305175781
00:0f:00:70:91:0a,2020-07-12 00:28:43.010712862,IoT-Lab,19.700000762939453,76.30000305175781
b8:27:eb:bf:9d:51,2020-07-12 00:28:44.701198578,IoT-Lab,22.6,51.1
1c:bf:ce:15:ec:4d,2020-07-12 00:28:47.289834499,IoT-Lab,27.0,77.80000305175781
00:0f:00:70:91:0a,2020-07-12 00:28:47.896925688,IoT-Lab,19.700000762939453,76.19999694824219
b8:27:eb:bf:9d:51,2020-07-12 00:28:48.388290167,IoT-Lab,22.6,51.1
1c:bf:ce:15:ec:4d,2020-07-12 00:28:51.096494913,IoT-Lab,27.0,77.80000305175781
00:0f:00:70:91:0a,2020-07-12 00:28:51.714405298,IoT-Lab,19.700000762939453,76.19999694824219
b8:27:eb:bf:9d:51,2020-07-12 00:28:52.076343298,IoT-Lab,22.6,51.1
00:0f:00:70:91:0a,2020-07-12 00:28:55.532683610,IoT-Lab,19.700000762939453,76.30000305175781
b8:27:eb:bf:9d:51,2020-07-12 00:28:55.764531612,IoT-Lab,22.5,51.0
b8:27:eb:bf:9d:51,2020-07-12 00:28:59.452515364,IoT-Lab,22.6,51.1
00:0f:00:70:91:0a,2020-07-12 00:29:01.497323990,IoT-Lab,19.600000381469727,76.19999694824219
b8:27:eb:bf:9d:51,2020-07-12 00:29:03.140233517,IoT-Lab,22.6,51.1
00:0f:00:70:91:0a,2020-07-12 00:29:05.323222399,IoT-Lab,19.600000381469727,76.5
b8:27:eb:bf:9d:51,2020-07-12 00:29:06.828353643,IoT-Lab,22.6,51.1
1c:bf:ce:15:ec:4d,2020-07-12 00:29:10.175787210,IoT-Lab,27.0,77.5999984741211
b8:27:eb:bf:9d:51,2020-07-12 00:29:10.516058207,IoT-Lab,22.6,51.1
1c:bf:ce:15:ec:4d,2020-07-12 00:29:13.988279581,IoT-Lab,27.0,77.5999984741211
b8:27:eb:bf:9d:51,2020-07-12 00:29:14.203627825,IoT-Lab,22.6,51.1
1c:bf:ce:15:ec:4d,2020-07-12 00:29:17.797349691,IoT-Lab,27.0,77.5999984741211
b8:27:eb:bf:9d:51,2020-07-12 00:29:17.891007900,IoT-Lab,22.6,51.1
00:0f:00:70:91:0a,2020-07-12 00:29:19.638983250,IoT-Lab,19.700000762939453,76.0999984741211
b8:27:eb:bf:9d:51,2020-07-12 00:29:21.578574181,IoT-Lab,22.6,51.1
1c:bf:ce:15:ec:4d,2020-07-12 00:29:22.139871120,IoT-Lab,27.0,77.5999984741211
00:0f:00:70:91:0a,2020-07-12 00:29:24.523824453,IoT-Lab,19.700000762939453,76.0999984741211
b8:27:eb:bf:9d:51,2020-07-12 00:29:25.265256643,IoT-Lab,22.6,51.1
1c:bf:ce:15:ec:4d,2020-07-12 00:29:25.946931839,IoT-Lab,27.0,77.5999984741211
b8:27:eb:bf:9d:51,2020-07-12 00:29:28.952446461,IoT-Lab,22.6,51.1
00:0f:00:70:91:0a,2020-07-12 00:29:30.482985973,IoT-Lab,19.700000762939453,76.0
1c:bf:ce:15:ec:4d,2020-07-12 00:29:32.427661896,IoT-Lab,26.899999618530273,77.5999984741211
b8:27:eb:bf:9d:51,2020-07-12 00:29:32.638485670,IoT-Lab,22.6,51.1
00:0f:00:70:91:0a,2020-07-12 00:29:35.368712187,IoT-Lab,19.700000762939453,76.19999694824219
b8:27:eb:bf:9d:51,2020-07-12 00:29:36.324590921,IoT-Lab,22.6,51.1
1c:bf:ce:15:ec:4d,2020-07-12 00:29:38.905023813,IoT-Lab,27.0,77.69999694824219
